Date(Sub-Obj),Subject, Object, Talked First, Turn Dur, Turn Dur SD, F0 Min, F0 Min SD, F0 Max, F0 Max SD, F0 Mean, F0 Mean SD, F0 SD, F0 SD SD, Pitch Range, Pitch Range SD, RMS Min, RMS Min SD, RMS Max, RMS Max SD, RMS Mean, RMS Mean SD
111-128,111,128,0,0.742,0.601,-1.673,-0.929,-0.692,-1.129,-1.014,-1.429,-0.623,-1.577,-0.303,-1.218,-0.56,0.453,0.629,-0.219,-0.065,-0.026
111-124,111,124,0,-0.898,-0.755,-1.37,-0.692,-1.08,-1.125,-1.146,-1.486,-1.062,-1.412,-0.863,-1.158,-0.005,-0.38,0.372,0.27,0.243,0.383
111-125,111,125,0,0.719,1.624,-1.412,-1.005,-0.707,-1.228,-0.865,-1.555,-0.501,-0.628,-0.402,-1.415,-0.433,-0.05,0.286,0.309,-0.165,0.328
111-126,111,126,0,2.294,3.328,-1.613,-0.671,-0.724,-1.273,-1.138,-0.53,-0.221,-1.043,-0.36,-1.263,-0.849,0.739,0.106,0.351,-0.837,0.097
111-121,111,121,0,0.256,-0.895,-1.659,-1.365,-0.72,-1.484,-1.003,-1.033,-0.743,-2.069,-0.34,-1.896,-0.709,-1.168,0.671,-0.187,-0.056,-0.152
111-122,111,122,0,1.737,2.92,-1.303,-0.1,-0.802,-0.695,-0.979,-0.453,-0.789,-0.829,-0.552,-0.449,-0.953,0.022,0.231,0.405,-0.382,0.26
111-123,111,123,0,0.448,0.578,-1.235,0.225,-0.825,-0.993,-1.063,-1.661,-0.814,-1.312,-0.6,-0.69,-0.536,1.705,0.998,-0.39,0.416,-0.033
220-224,220,224,0,-0.578,1.465,-0.386,-0.182,-1.173,-0.505,-0.918,-0.391,-0.52,0.91,-1.285,-0.333,-0.594,-0.929,-0.525,1.565,-0.534,1.666
220-221,220,221,0,1.179,0.797,-0.987,-0.229,-0.849,-0.765,-1.301,-0.917,-0.979,-0.945,-0.706,-0.47,-0.967,0.509,-0.663,2.323,-1.075,1.683
220-222,220,222,0,-0.589,-0.754,-0.682,1.05,-0.949,-1.359,-1.002,-0.253,-0.727,-1.295,-0.922,-1.195,-0.869,0.063,-0.318,1.7,-0.561,1.208
215-236,215,236,0,0.178,-0.023,-1.524,-1.411,-0.906,-0.413,-1.274,-0.949,-0.652,-0.648,-0.606,-0.582,-0.52,-0.695,0.24,0.121,-0.592,-0.182
117-128,117,128,0,1.776,2.862,-1.428,-0.242,-0.852,-0.931,-1.366,0.089,0.004,-0.426,-0.571,-0.883,-0.479,0.747,0.711,-0.079,0.323,0.482
208-240,208,240,0,0.502,-0.383,-1.414,-0.907,-0.816,-1.132,-0.983,-0.625,-0.961,-0.891,-0.533,-1.304,-0.745,-1.03,0.821,-0.174,-0.289,-0.274
117-127,117,127,0,-1.014,-0.881,-1.293,-1.246,-1.432,-0.075,-1.769,-0.73,-0.855,0.6,-1.309,-0.469,0.033,0.495,0.665,-0.048,0.731,0.384
117-124,117,124,0,0.754,1.893,-1.278,-1.195,-1.582,-0.068,-1.739,-0.687,-0.776,0.195,-1.493,-0.269,0.023,-0.741,0.26,0.789,0.094,0.933
214-222,214,222,0,-0.813,-1.168,-0.151,0.032,-0.793,-1.414,-0.483,-1.108,-0.92,-1.312,-0.902,-1.286,-0.302,0.828,1.156,-0.746,0.483,0.084
117-121,117,121,0,0.946,-0.407,-1.529,-1.444,-0.847,-1.002,-1.561,-0.688,-0.169,-0.659,-0.534,-1.163,-0.494,-0.396,1.079,-0.691,0.548,0.116
110-130,110,130,0,0.724,0.398,-1.512,-1.181,-0.749,-1.085,-1.155,-1.682,-0.232,-1.34,-0.421,-1.328,-1.072,-0.238,-0.513,0.596,-1.276,0.372
110-131,110,131,0,1.153,1.441,-1.362,-0.787,-0.91,-0.681,-1.049,-0.667,-0.694,-0.562,-0.662,-0.482,-0.538,-1.096,-0.099,0.588,-0.527,-0.058
110-136,110,136,0,1.183,0.514,-1.3,-0.793,-0.456,-1.81,-0.931,-1.086,-0.008,-1.4,-0.137,-1.608,-0.752,-0.346,-0.604,0.708,-1.082,0.186
110-135,110,135,0,1.067,0.907,-1.116,-0.646,-0.999,-0.592,-1.121,-1.375,-1.206,-1.466,-0.846,-0.453,-0.5,-0.288,1.043,-0.753,0.188,-0.473
110-138,110,138,0,-1.174,-0.658,-0.756,1.216,-1.681,0.112,-1.548,0.11,-1.492,-0.128,-1.778,0.18,-0.314,1.229,-1.652,1.559,-1.235,1.018
110-139,110,139,0,-0.616,-0.231,-1.022,-0.112,-1.035,-0.425,-1.109,-1.113,-0.372,-0.568,-0.919,-0.376,-0.621,0.328,-1.992,1.154,-1.795,0.891
118-137,118,137,0,-0.993,-0.906,-1.079,-0.738,-0.983,-0.591,-1.204,0.028,-0.591,-0.402,-0.838,-0.766,-0.807,0.263,0.244,1.061,0.262,1.001
316-332,316,332,0,0.485,1.005,-0.801,-0.214,-0.997,-0.815,-1.208,-1.211,-1.062,-0.7,-0.943,-0.751,-0.489,0.783,1.607,-1.236,1.886,-0.319
316-333,316,333,0,-0.509,-1.07,-0.453,-0.414,-0.969,-0.74,-1.078,-0.921,-1.206,-0.811,-1.018,-0.675,-0.866,0.036,1.628,-1.627,1.552,-0.233
306-337,306,337,0,-0.365,-0.606,-1.517,-1.087,-1.221,-0.806,-1.565,-0.888,-0.578,-0.541,-0.986,-0.867,-1.814,1.674,-2.331,1.421,-2.499,0.869
102-133,102,133,0,0.182,0.799,-1.041,-0.338,-0.836,-0.847,-0.901,-0.445,-0.47,-0.426,-0.674,-1.067,-0.449,-1.768,0.861,-0.076,0.264,0.154
102-131,102,131,0,3.223,4.573,-0.721,0.275,-0.488,-1.91,-0.779,0.001,-0.608,-1.987,-0.358,-1.675,-0.684,1.691,0.888,0.247,0.404,0.551
102-136,102,136,0,3.049,3.603,-1.33,-0.248,-0.558,-1.671,-0.761,-0.936,0.082,-1.493,-0.25,-1.573,-0.96,-0.765,0.528,0.635,0.031,0.353
102-135,102,135,0,7.792,5.691,-1.739,-1.184,-0.54,-1.712,-1.235,-0.274,-0.829,-1.805,-0.1,-1.755,-1.39,2.079,0.624,1.187,-0.31,1.256
106-136,106,136,0,0.619,0.128,-0.729,1.245,-0.646,-1.371,-0.318,-1.256,-1.17,-1.834,-0.544,-0.934,-0.57,-0.3,1.01,-0.323,0.608,-0.471
102-139,102,139,0,1.03,0.248,-0.709,0.107,-1.15,-0.795,-1.526,-0.786,-1.36,-0.481,-1.155,-0.535,-1.265,0.235,0.139,0.724,-0.611,0.635
105-139,105,139,0,0.415,-0.354,-1.344,-0.546,-1.111,-0.186,-1.355,0.074,-1.027,-0.302,-0.908,-0.065,-0.875,0.038,0.423,1.04,0.161,1.21
118-129,118,129,0,0.113,-0.973,-1.255,-1.054,-0.595,-1.426,-1.151,-0.488,-0.06,-1.023,-0.318,-1.722,-0.618,0.281,1.372,-1.276,0.899,-0.525
312-326,312,326,0,-0.078,-0.276,-0.752,0.778,-1.012,-0.576,-1.266,-0.365,-1.044,-0.518,-0.977,-0.54,-1.201,-0.017,-0.37,0.653,-0.826,0.715
312-325,312,325,1,0.809,0.44,-1.155,-0.348,-0.937,-0.926,-1.081,-0.602,-1.024,-0.894,-0.759,-0.915,-1.083,-1.559,-0.55,0.354,-1.218,0.001
118-125,118,125,0,0.032,-0.499,-1.275,-1.377,-1.147,-0.544,-1.711,-0.474,-0.595,0.717,-0.973,-0.62,-0.416,-0.848,0.473,-0.525,0.248,-0.017
118-124,118,124,0,1.634,0.943,-1.715,-1.58,-0.849,-1.164,-1.675,-1.222,-0.376,0.167,-0.478,-1.371,-0.411,-1.379,-0.73,1.436,-0.765,1.089
118-127,118,127,0,-0.784,-1.119,-0.566,-0.738,-1.051,-0.973,-1.403,-0.362,-0.738,-0.394,-1.081,-1.251,0.036,-0.939,0.994,-0.026,1.074,0.37
118-126,118,126,0,2.086,1.431,-0.782,0.097,-0.728,-0.877,-0.78,-0.515,-1.038,-1.128,-0.626,-0.552,-0.369,2.742,1.099,0.861,1.509,1.815
118-121,118,121,0,0.166,-0.784,-1.311,0.09,-1.363,-0.88,-1.989,-1.048,-1.171,-0.844,-1.221,-0.723,-1.022,-1.653,0.529,-0.111,0.352,0.331
118-123,118,123,1,1.815,1.844,-1.103,-1.194,-1.323,-0.346,-1.789,-1.165,-1.54,-0.921,-1.238,-0.506,-0.413,-0.46,1.206,-0.524,1.001,-0.002
118-122,118,122,0,1.405,1.98,-0.985,-0.849,-0.872,-1.329,-1.352,1.189,-0.552,-0.798,-0.735,-1.949,-0.546,-0.967,0.279,0.783,0.392,1.264
218-237,218,237,0,0.744,0.226,-0.813,-0.266,-1.023,-0.774,-1.007,-0.502,-1.65,-1.45,-0.97,-1.006,-0.736,2.048,0.42,0.561,-0.047,0.773
106-130,106,130,0,0.952,0.09,-1.19,-0.292,-0.456,-1.886,-0.096,-1.141,-0.575,-2.07,-0.172,-1.687,-0.612,0.1,1.056,-0.253,0.338,0.105
308-328,308,328,0,-0.632,-0.844,-0.721,-0.16,-0.881,-0.975,-0.879,-0.696,-0.774,-1.056,-0.829,-0.97,-0.883,0.179,-0.207,1.74,-0.512,1.333
308-329,308,329,1,0.636,0.485,-0.253,0.994,-0.602,-1.184,-0.317,0.367,-0.711,-1.568,-0.642,-1.03,-0.852,2.791,0.932,-0.158,0.509,0.722
102-129,102,129,0,-0.264,-0.238,-0.6,-0.172,-0.8,-1.638,-0.976,-0.96,-0.546,-1.064,-0.77,-1.42,-0.461,1.21,0.672,0.314,0.416,0.593
308-323,308,323,0,1.842,1.767,-1.248,0.486,-0.787,-0.813,-0.907,-0.843,-1.054,-1.387,-0.55,-0.575,-1.141,0.716,0.009,2.002,-0.829,2.17
213-240,213,240,0,0.458,-0.071,-1.467,-1.462,-0.843,-0.846,-1.277,-1.808,-0.433,-0.954,-0.548,-1.082,-0.943,-0.045,-2.365,0.995,-2.313,0.47
308-327,308,327,0,-0.742,-1.127,-0.923,-0.533,-0.682,-0.837,-0.864,-0.844,-0.551,-0.962,-0.527,-1.069,-0.768,1.315,0.63,0.574,0.251,0.701
116-122,116,122,0,1.853,2.27,-1.228,-1.051,-0.84,-1.156,-1.002,-1.339,-0.629,-1.326,-0.62,-1.189,-0.716,-0.606,0.959,-0.187,0.299,0.171
116-121,116,121,0,-0.339,-0.563,-0.992,-1.005,-1.107,-0.785,-1.006,-1.539,-0.832,-0.706,-1.015,-0.841,-0.386,-1.218,0.936,-0.124,0.439,0.264
201-222,201,222,0,-0.822,-1.169,-1.197,-1.162,-0.982,-0.301,-1.324,0.021,-0.333,0.216,-0.8,-0.722,-1.187,-0.501,-1.084,0.88,-1.472,0.395
207-224,207,224,0,-0.735,-0.364,0.329,1.68,-1.216,-0.809,-0.564,0.169,-1.289,-0.373,-1.562,-0.542,-0.301,-0.7,0.224,1.097,0.065,0.962
207-226,207,226,0,-0.467,-0.28,-0.43,0.577,-1.115,-0.74,-0.703,-0.869,-1.239,-0.607,-1.201,-0.312,-0.548,0.51,-0.98,1.283,-1.039,0.973
207-221,207,221,0,0.005,-0.329,-1.21,0.248,-1.075,-0.924,-0.99,-0.715,-1.081,-0.743,-0.908,-0.721,-0.779,-1.256,-0.757,1.303,-1.392,0.743
207-222,207,222,0,-0.625,-0.527,-0.451,0.06,-1.075,-0.595,-0.825,-1.058,-1.024,-0.315,-1.146,-0.377,-0.933,0.792,-0.488,1.358,-0.67,1.189
209-226,209,226,0,-0.548,-0.204,-0.465,0.948,-0.698,-1.251,-0.231,-0.661,-0.355,-0.23,-0.69,-0.923,0.157,-0.473,0.61,0.711,0.764,1.019
112-129,112,129,0,-0.207,0.081,-1.153,-0.728,-0.807,-1.228,-0.522,-0.312,-0.252,-0.552,-0.604,-1.206,-0.53,-0.489,-0.092,0.442,-0.221,0.447
209-224,209,224,0,-0.561,0.269,0.185,-0.656,-1.289,-0.355,-1.039,-0.863,-1.523,-0.29,-1.604,-0.474,0.552,0.671,1.587,-1.304,2.206,-0.615
209-222,209,222,0,-0.867,-0.965,-0.535,0.536,-1.064,-0.245,-0.834,0.219,-1.146,-0.654,-1.107,-0.239,-0.78,0.347,0.756,1.061,0.516,1.352
209-221,209,221,0,-0.729,0.175,-0.761,-0.465,-1.73,-0.116,-1.311,-0.989,-1.998,-1.053,-1.834,-0.203,-0.38,-0.468,1.192,-0.32,1.096,0.523
218-224,218,224,0,-1.122,-0.75,0.216,0.407,-1.156,-0.921,-0.554,-0.278,-1.215,-0.987,-1.454,-0.935,-0.293,-0.708,-0.503,2.04,-0.114,1.645
112-123,112,123,0,1.082,1.183,-1.149,-0.949,-0.807,-0.963,-0.846,-1.437,-0.678,-0.205,-0.605,-1.19,-1.037,-0.276,-0.205,1.5,-0.712,1.501
112-121,112,121,0,0.127,-0.444,-1.062,-0.572,-0.794,-1.192,-0.803,-1.183,-0.682,-1.434,-0.617,-1.111,-0.669,-0.875,0.448,0.427,0.088,0.878
112-127,112,127,0,-0.912,-0.51,-0.554,0.044,-1.118,-0.526,-0.954,-0.742,-0.965,-0.888,-1.166,-0.588,-0.241,1.612,0.183,0.828,0.094,0.917
312-332,312,332,0,-0.264,-0.706,-1.104,-0.478,-1.101,-0.322,-1.337,-1.033,-0.887,-0.028,-0.972,-0.278,-1.327,-0.31,-1.391,0.756,-1.813,0.556
112-125,112,125,0,-0.204,0.547,-0.892,-0.291,-0.943,-0.263,-0.706,-0.151,-0.691,-0.36,-0.849,-0.42,-0.277,-0.261,0.019,1.061,-0.443,1.413
218-226,218,226,0,-0.003,-0.517,-0.377,-0.406,-0.957,-0.714,-0.723,-1.061,-1.29,-0.872,-1.029,-0.593,-0.247,-1.081,0.632,-0.254,0.263,-0.198
318-329,318,329,0,-0.632,-0.399,-1.725,-1.255,-1.14,-0.725,-1.377,-0.827,-0.238,-1.546,-0.823,-0.918,-1.009,1.045,-3.93,0.688,-2.933,-0.315
318-328,318,328,0,-0.914,-0.696,-1.657,-1.175,-1.42,-0.403,-1.393,-0.29,-0.688,-0.374,-1.18,-0.626,-1.104,-0.566,-4.753,0.377,-3.333,0.08
318-325,318,325,0,-0.156,0.282,-1.493,-1.039,-1.503,0.081,-1.9,-0.832,-1.079,0.251,-1.331,0.111,-1.502,-0.268,-5.733,0.647,-4.127,0.365
318-327,318,327,0,-0.404,-0.571,-2.06,-1.87,-1.07,-0.86,-1.772,-1.6,-0.415,-0.656,-0.633,-1.013,-0.983,-0.751,-4.273,-0.026,-3.168,-0.542
318-326,318,326,0,1.202,3.27,-1.257,1.809,-1.003,-0.8,-1.361,0.122,-0.146,0.117,-0.806,-0.284,-1.521,1.679,-4.468,1.521,-3.601,0.312
318-323,318,323,0,-0.29,0.662,-1.555,-1.551,-1.277,-0.272,-1.711,-0.991,-0.607,-0.224,-1.04,-0.541,-1.635,0.413,-4.231,0.733,-3.379,0.489
107-128,107,128,1,0.492,-0.073,-1.313,-0.616,-0.626,-0.744,-0.562,-0.11,-0.016,-0.604,-0.337,-0.661,-0.701,2.521,-0.093,1.523,-0.242,1.758
306-323,306,323,0,-0.439,-0.317,-1.205,-0.808,-1.003,-1.463,-1.372,0.023,-0.21,-1.179,-0.823,-1.648,-0.998,-0.798,-1.904,1.309,-2.06,0.616
201-238,201,238,0,-0.664,-0.849,-0.867,0.116,-0.871,-0.829,-1.13,-0.426,-0.451,-0.039,-0.771,-0.713,-0.593,1.361,-0.107,0.708,-0.58,0.608
201-239,201,239,0,-0.694,-1.161,-1.114,-1.213,-0.935,-0.967,-1.374,-1.161,-0.576,-0.426,-0.77,-1.279,-0.717,0.018,0.014,0.566,-0.439,0.438
304-333,304,333,0,-0.967,-1.008,-0.117,-0.088,-0.971,-0.538,-1.004,-0.513,-1.172,-0.498,-1.127,-0.569,-1.413,0.233,-0.932,1.085,-1.34,0.922
201-234,201,234,0,-0.996,0.2,-0.87,-0.887,-1.075,-0.265,-1.13,-0.299,-0.736,0.405,-1.014,-0.31,-0.108,-0.623,0.092,0.613,-0.192,0.568
201-235,201,235,0,-0.325,-0.545,-1.361,-0.832,-1.064,-0.623,-1.615,-1.292,-0.969,-0.588,-0.847,-0.751,-0.563,0.091,-0.789,0.367,-1.072,-0.098
201-236,201,236,0,1.428,0.906,-1.777,-1.7,-0.593,-0.606,-1.185,-1.479,-0.032,-1.031,-0.151,-0.9,-0.287,-1.84,0.612,-0.508,-0.265,-0.619
201-237,201,237,0,-0.557,-0.517,-1.108,-0.926,-1.021,-0.706,-1.081,-0.58,-0.695,-0.393,-0.875,-0.674,-0.117,-0.229,0.501,-0.041,0.217,0.395
201-230,201,230,1,-0.503,-0.911,-1.378,-0.372,-0.872,-0.421,-1.031,0.503,-0.37,-0.219,-0.611,-0.669,-0.589,3.504,-1.662,1.73,-1.543,1.9
107-138,107,138,0,-0.608,-0.845,-0.321,-0.124,-0.871,-0.884,-0.688,-0.132,-0.722,-1.028,-0.943,-0.994,-0.811,0.081,1.177,-0.765,1.008,0.216
107-139,107,139,0,0.304,0.138,-0.995,0.084,-0.927,-0.912,-1.095,-0.783,-0.778,-0.903,-0.797,-0.785,-0.716,-0.897,0.231,1.291,-0.069,1.149
118-133,118,133,1,1.03,-0.181,-1.043,-0.941,-0.926,-1.349,-1.346,-1.603,-0.902,-1.511,-0.781,-1.499,-0.405,-1.007,1.259,-0.476,1.058,-0.023
107-130,107,130,0,3.221,2.139,-1.275,-0.772,-0.404,-2.287,-0.776,-2.215,-0.136,-1.716,-0.083,-2.139,-0.209,-0.725,1.319,-0.495,1.19,0.129
107-136,107,136,0,3.249,2.652,-1.833,-1.385,-0.532,-1.723,-0.881,-1.877,-0.003,-2.059,-0.06,-1.842,-0.613,-1.262,1.214,-0.291,0.671,-0.017
107-127,107,127,0,-1.702,-1.306,-0.47,-0.529,-1.105,-0.278,-0.783,0.082,-0.549,-0.137,-1.177,-0.518,-0.108,0.04,-0.452,1.153,-0.028,1.129
206-236,206,236,0,-0.678,-0.575,-0.258,0.255,-1.008,-0.816,-0.323,-1.404,-1.008,-0.469,-1.127,-0.524,-0.424,1.508,0.361,0.553,0.048,0.894
214-229,214,229,0,-0.654,-0.573,-0.551,-0.547,-0.91,-0.727,-0.44,-0.632,-0.791,-1.044,-0.917,-0.643,-0.023,-1.019,0.532,0.197,-0.1,0.276
118-135,118,135,0,1.37,1.315,-1.159,-1.215,-1.272,-0.511,-1.989,-1.554,-1.398,-1.026,-1.159,-0.686,-0.386,0.604,0.674,0.012,0.631,0.309
105-131,105,131,0,1.51,1.342,-1.409,-1.338,-0.509,-1.591,-0.356,-1.153,0.08,-1.473,-0.167,-1.525,-0.095,-0.795,1.052,-0.574,0.646,-0.353
105-135,105,135,0,2.902,3.877,-1.062,0.334,-0.817,-1.404,-1.151,-0.138,-0.758,-1.354,-0.645,-1.19,-0.456,0.501,1.501,-1.435,0.902,-0.296
105-136,105,136,1,2.572,2.564,-1.432,-1.245,-0.466,-1.407,-1.106,-1.055,0.307,-1.04,-0.107,-1.722,-0.665,2.983,0.051,1.281,-0.419,1.51
105-138,105,138,0,0.508,-0.444,-1.621,-1.464,-1.064,-0.558,-1.559,-0.289,-0.842,-0.704,-0.764,-0.879,-1.174,1.822,0.636,0.36,-0.024,0.569
208-230,208,230,0,-0.519,-0.959,-1.133,-0.746,-0.563,-1.298,-0.465,-0.689,0.038,-0.597,-0.318,-1.357,-0.858,-0.777,-0.368,1.514,-0.957,1.221
119-138,119,138,0,-0.452,-0.618,-0.912,-1.126,-1.666,-0.102,-1.754,-1.739,-1.767,-0.257,-1.709,-0.31,-1.312,0.217,-1.565,0.961,-1.494,1.015
208-234,208,234,0,-1.744,-1.759,-0.406,0.367,-0.737,-1.168,-0.428,-0.905,-0.231,-0.486,-0.756,-1.052,-0.327,0.853,0.022,0.883,-0.529,1.308
208-237,208,237,0,-0.439,0.266,-0.164,0.877,-1.063,-0.721,-0.563,1.095,-0.965,0.242,-1.222,-0.851,-0.681,2.811,-0.08,1.566,-0.287,2.338
208-236,208,236,0,-1.071,-0.842,-0.599,0.208,-1.006,-1.237,-0.379,-1.19,-0.699,-0.571,-1.017,-1.279,-0.11,-0.275,-0.296,1.407,-0.406,1.164
208-239,208,239,0,-0.823,-1.236,-0.972,-1.022,-1.146,-0.831,-0.883,-0.028,-1.018,-0.645,-1.067,-1.233,-0.973,-0.709,-0.799,0.665,-1.36,0.48
208-238,208,238,0,-0.951,-0.304,-0.558,0.505,-0.855,-0.887,-0.342,-0.438,-0.565,-0.767,-0.849,-0.721,-0.327,-1.431,-0.96,1.215,-0.955,0.827
114-126,114,126,0,0.147,0.189,-0.11,1.204,-0.941,-0.586,-0.801,-0.251,-1.082,-0.77,-1.093,-0.263,-0.753,-1.176,-0.16,1.277,-0.804,0.705
116-127,116,127,1,-1.052,-1.061,-0.871,-0.077,-1.101,-1.03,-0.936,-0.774,-0.712,-1.249,-1.045,-1.019,-0.54,2.58,0.119,1.335,-0.182,1.275
116-126,116,126,0,1.598,1.283,-0.513,0.202,-0.942,-0.791,-0.822,0.577,-0.761,-0.148,-0.968,-0.567,-0.385,0.868,-0.017,2.068,-0.385,2.239
116-125,116,125,0,0.045,-0.175,-0.333,-0.682,-0.983,-0.697,-0.798,-1.161,-1.035,-0.735,-1.074,-0.758,0.029,-1.327,1.047,0.035,0.643,0.251
116-124,116,124,0,1.786,1.405,-1.38,-0.609,-0.825,-1.141,-0.984,-1.7,-0.998,-1.893,-0.554,-1.05,-0.365,-0.003,0.515,0.066,-0.509,-0.231
317-327,317,327,0,-1.015,-0.683,0.158,1.457,-0.908,-1.138,-0.707,-0.52,-0.941,-0.553,-1.138,-0.842,-0.647,0.978,0.796,0.575,0.631,1.178
116-128,116,128,0,1.102,0.97,-1.416,-0.466,-0.581,-1.404,-0.894,-1.319,-0.461,-1.253,-0.25,-1.445,-0.324,0.606,0.838,0.209,0.225,0.374
212-222,212,222,0,0.359,-0.276,-0.798,0.217,-0.574,-1.347,-0.899,-0.057,-0.647,-0.051,-0.437,-1.188,-1.141,0.851,-0.428,0.841,-1.002,0.627
212-221,212,221,1,0.342,-0.308,-1.137,-0.943,-1.153,-0.318,-1.329,-0.173,-1.218,-0.607,-1.024,-0.435,-1.24,0.784,-1.22,1.458,-1.557,1.305
212-226,212,226,0,1.352,0.705,-1.128,0.25,-0.814,-1.685,-1.192,-0.528,-0.914,-0.58,-0.62,-1.305,-0.777,0.198,-0.05,1.07,-0.496,0.41
212-224,212,224,0,-0.661,-0.233,0.427,0.85,-1.015,-1.068,-0.561,0.509,-1.052,-0.627,-1.351,-0.869,-0.508,-0.979,-0.957,1.981,-0.936,1.326
212-229,212,229,0,-0.082,-0.446,-0.514,0.685,-1.112,-0.752,-0.818,-0.24,-1.205,-1.048,-1.171,-0.391,-0.683,-0.677,-1.087,1.484,-1.228,1.076
307-336,307,336,0,0.376,1.488,-1.337,-0.98,-1.341,-0.564,-1.797,-0.696,-1.217,-0.97,-1.187,-0.719,-0.825,0.136,0.208,0.371,-0.171,0.856
307-337,307,337,0,-0.017,-0.324,-1.593,-1.533,-1.016,-0.952,-1.445,-0.543,-0.358,-0.576,-0.716,-1.149,-0.99,-0.403,-0.862,1.233,-1.08,1.159
312-335,312,335,0,0.547,0.066,-1.119,-0.974,-0.792,-0.944,-1.261,-1.42,-0.956,-1.252,-0.596,-1.002,-1.58,0.22,-1.4,1.108,-1.797,0.951
307-335,307,335,1,-0.036,-0.129,-0.631,0.946,-0.974,-1.143,-0.907,0.447,-0.658,-0.405,-0.968,-0.812,-1.389,0.39,-1.247,2.115,-1.397,1.665
307-332,307,332,0,0.293,-0.25,-1.451,-0.563,-0.735,-1.505,-1.323,-0.089,-0.194,-0.648,-0.424,-1.602,-0.687,-1.061,-0.297,1.342,-0.619,1.146
307-333,307,333,1,-0.338,-0.654,-0.875,0.037,-1.242,-0.122,-1.108,0.555,-1.094,0.58,-1.213,0.057,-0.914,-0.518,-0.604,1.906,-0.7,1.744
317-326,317,326,0,-0.637,-0.734,-0.465,0.289,-1.413,-0.373,-1.169,-0.844,-1.603,-1.095,-1.547,-0.183,-0.7,-0.028,0.33,1.339,-0.205,1.389
213-226,213,226,0,-0.041,-0.493,-0.917,-0.723,-0.885,-1.058,-0.872,-0.169,-0.319,-0.581,-0.772,-1.102,-0.333,-1.192,-1.062,0.927,-1.135,0.188
211-237,211,237,0,0.731,0.381,-1.398,-0.557,-0.85,-1.126,-0.978,-0.56,-1.033,-1.292,-0.579,-1.136,-0.518,0.158,-0.173,1.125,-0.526,0.842
312-336,312,336,0,-0.269,-0.072,-1.137,-0.77,-1.32,0.01,-1.665,-1.517,-1.745,-1.135,-1.224,-0.004,-1.274,-0.16,-0.865,0.719,-1.034,0.712
317-325,317,325,0,0.111,-0.443,-0.949,-0.694,-1.016,-0.568,-1.079,-0.617,-1.147,-1.082,-0.919,-0.798,-0.982,0.359,0.627,0.324,-0.132,0.889
118-138,118,138,0,0.411,-0.18,-1.383,-1.313,-1.227,-0.361,-2.112,-0.866,-1.176,0.643,-1.035,-0.605,-1.472,-0.784,-0.324,0.745,-0.58,0.694
317-323,317,323,0,-0.171,0.058,-0.667,0.6,-1.205,-0.812,-1.021,-0.444,-1.351,-0.758,-1.234,-0.712,-1.112,-1.026,0.404,0.867,-0.505,1.249
312-337,312,337,0,-0.169,-0.548,-1.053,-0.673,-1.029,-0.864,-1.241,-1.443,-0.985,-1.299,-0.901,-0.708,-1.426,1.423,-1.252,1.155,-1.724,0.733
313-335,313,335,0,0.486,0.131,-0.305,0.822,-0.532,-1.629,-0.375,-1.273,-0.6,-0.884,-0.542,-1.06,-1.674,-0.907,-1.597,2.295,-2.177,1.372
108-130,108,130,0,1.268,0.835,-1.506,-0.663,-0.781,-0.759,-1.036,-1.48,-0.338,-0.903,-0.461,-0.774,-0.745,-0.718,-0.245,1.349,-0.925,0.395
313-337,313,337,0,-0.54,-1.008,-0.767,0.183,-0.871,-1.174,-0.591,-1.44,-1.074,-1.519,-0.803,-1.044,-1.157,-0.972,-1.043,0.92,-1.643,0.497
313-336,313,336,0,-0.355,-0.18,-0.678,0.721,-1.027,-0.883,-0.545,-0.797,-0.703,-0.327,-1.017,-0.598,-1.625,0.033,-3.666,2.502,-3.218,1.353
317-337,317,337,0,-0.265,-0.189,-0.736,-0.804,-1.174,-0.589,-1.17,-0.856,-1.164,-0.96,-1.175,-0.663,-1.212,-0.171,-0.025,0.358,-0.661,0.313
118-139,118,139,0,-0.322,-0.424,-0.861,0.061,-1.239,-0.792,-1.719,0.109,-1.123,0.4,-1.213,-0.747,-0.782,-0.072,0.697,0.302,0.987,0.765
313-332,313,332,0,0.425,-0.238,-1.211,-0.254,-0.757,-0.944,-0.746,-1.429,-1.051,-1.4,-0.527,-0.696,-1.188,0.215,-2.152,1.138,-2.316,0.423
317-336,317,336,0,0.617,0.461,-1.12,-1.156,-0.858,-0.7,-1.126,-0.112,-0.624,-0.72,-0.675,-0.931,-1.752,0.995,-0.284,1.618,-0.995,2.118
308-326,308,326,0,-0.352,-0.631,-0.477,-0.238,-0.708,-1.267,-0.732,-0.682,-0.665,-0.8,-0.698,-1.221,-0.839,1.494,0.1,1.242,-0.307,1.616
306-332,306,332,1,-0.269,-0.824,-1.618,-1.02,-1.024,-0.984,-1.425,-0.43,-0.312,-0.998,-0.718,-1.225,-0.961,-0.593,-1.854,1.53,-2.1,0.825
116-138,116,138,1,0.816,0.743,-1.226,-0.092,-0.925,-0.526,-1.278,-1.338,-0.776,-0.483,-0.722,-0.399,-1.183,2.593,0.896,-0.099,0.042,0.064
306-336,306,336,0,0.253,-0.032,-1.434,-1.184,-0.95,-1.034,-1.413,-0.827,-0.02,-0.462,-0.687,-1.195,-1.323,0.713,-1.371,1.227,-2.044,0.868
306-335,306,335,0,0.694,-0.328,-1.763,-1.951,-1.033,-1.414,-1.87,-2.177,-0.699,-2.034,-0.683,-1.629,-1.292,-0.839,-0.478,0.24,-1.566,-0.102
317-328,317,328,1,-1.041,-1.089,-0.468,-0.091,-1.212,-0.218,-0.973,-0.342,-1.149,0.195,-1.305,-0.118,-1.215,1.993,-0.185,1.785,-0.741,1.4
218-222,218,222,1,0.184,-0.169,-0.499,-0.333,-0.927,-0.689,-0.901,-0.821,-1.26,-0.954,-0.954,-0.902,-1.299,2.391,0.416,0.461,-0.204,0.411
211-240,211,240,0,0.869,0.918,-1.37,-0.844,-0.921,-0.689,-1.253,-1.522,-0.799,-0.252,-0.673,-0.679,-1.073,2.679,-1.392,2.059,-1.733,2.118
206-221,206,221,0,0.822,0.283,-0.896,-0.092,-1.112,-0.836,-0.893,-1.021,-1.572,-1.692,-1.051,-0.724,-1.62,0.94,-0.383,0.998,-1.078,0.811
214-226,214,226,0,-0.959,-1.024,-0.648,0.366,-0.91,-1.143,-0.319,-0.913,-0.874,-1.387,-0.887,-0.918,0.181,-0.709,0.928,-0.183,0.761,-0.127
113-132,113,132,0,0.434,0.382,-1.383,-0.794,-0.807,-1.221,-0.827,-1.263,-0.202,-1.253,-0.532,-1.364,-0.73,0.14,0.442,0.074,-0.06,0.545
220-234,220,234,0,-1.151,-0.115,-0.494,0.092,-0.599,-1.07,-0.444,-0.774,0.038,-0.759,-0.563,-0.865,0.287,-0.133,0.788,-0.231,0.586,-0.055
114-121,114,121,0,-0.749,-1.043,-0.681,-0.329,-0.971,-0.717,-0.832,-0.507,-0.98,-0.777,-0.95,-0.745,-0.923,-0.782,1.186,-0.792,0.543,-0.238
114-123,114,123,0,0.427,2.186,-0.042,1.003,-0.906,-0.81,-0.669,0.799,-0.939,-0.49,-1.073,-0.833,-0.412,-1.002,0.586,0.89,0.326,0.566
114-122,114,122,0,0.022,0.21,-0.745,-0.446,-0.828,-1.3,-0.968,-1.361,-0.561,-0.864,-0.758,-1.187,-0.892,-1.006,0.736,0.385,-0.091,0.362
114-125,114,125,0,0.7,1.73,-1.036,-1.086,-1.135,-0.756,-1.317,-0.892,-0.751,-0.719,-1.034,-1.027,-0.971,-0.144,0.849,-0.479,-0.099,-0.204
114-124,114,124,1,0.039,0.278,-1.066,-0.479,-1.215,-0.874,-1.266,-1.534,-0.955,-0.864,-1.121,-0.729,-0.709,-1.013,0.063,0.571,-0.753,0.203
114-127,114,127,0,-1.404,-1.241,-0.369,1.074,-0.801,-1.104,-0.436,-0.507,-0.42,-0.626,-0.844,-0.74,-0.647,3.359,-0.032,0.814,-0.448,0.956
110-133,110,133,0,-0.831,-0.664,-0.952,-0.084,-1.253,-0.038,-1.205,-1.252,-0.931,0.382,-1.202,0.284,0.171,1.619,-0.274,0.595,-0.218,0.802
114-129,114,129,0,-0.692,-0.455,-0.972,-0.766,-0.727,-1.29,-0.763,-0.786,-0.209,-1.218,-0.565,-1.469,-0.748,-0.021,0.68,0.008,0.157,0.055
114-128,114,128,0,-0.882,-1.144,-0.959,-0.531,-1.049,-0.549,-1.081,-0.693,-0.746,-0.427,-0.955,-0.684,-0.683,-0.856,0.306,0.513,-0.262,0.434
110-137,110,137,0,-1.53,-1.38,-0.486,0.117,-1.235,-0.217,-1.248,-0.552,-1.058,0.153,-1.327,-0.187,-0.444,3.289,-0.817,2.305,-0.669,2.49
310-332,310,332,0,0.02,-0.41,-1.613,-0.741,-0.825,-1.208,-1.251,-0.511,0.153,-1.252,-0.482,-1.495,-0.87,-0.324,-1.801,1.436,-1.943,0.72
110-134,110,134,0,0.306,-0.104,-1.369,-0.605,-0.827,-0.808,-0.968,-0.788,-0.569,-1.14,-0.56,-0.75,-0.298,0.483,-0.11,0.053,-0.611,-0.113
310-333,310,333,0,-0.381,-0.842,-1.337,0.338,-0.809,-0.719,-1.12,0.284,-0.215,-0.192,-0.548,-0.676,-1.322,-0.511,-1.313,1.44,-1.599,1.312
211-229,211,229,0,1.558,0.538,-1.367,0.086,-0.798,-1.343,-0.929,-0.913,-1.175,-0.843,-0.526,-1.177,-0.28,0.35,0.652,0.29,0.327,0.799
217-240,217,240,0,1.996,1.862,-1.141,-0.405,-0.656,-1.198,-0.39,-1.512,-0.698,-1.626,-0.427,-1.096,-0.696,-0.369,1.24,-1.015,0.752,-0.243
211-236,211,236,0,0.328,0.589,-0.842,0.074,-1.116,-0.94,-1.065,-1.354,-1.388,-1.204,-1.073,-0.984,-0.391,-1.118,-0.599,1.267,-0.852,0.667
211-235,211,235,0,-0.664,-0.782,-0.696,-0.236,-1.125,-0.732,-1.018,-1.371,-1.365,-0.495,-1.129,-0.799,-0.112,-1.374,0.09,1.157,-0.119,1.058
211-234,211,234,0,0.005,-0.345,-0.979,0.619,-0.608,-1.163,-0.852,-0.575,-0.592,-0.381,-0.421,-0.781,-0.849,3.531,-1.569,2.909,-1.518,2.733
302-333,302,333,1,-0.722,-0.71,-0.215,1.137,-1.228,-0.435,-0.759,-0.511,-1.385,-0.04,-1.404,-0.07,-1.068,-0.08,-1.354,2.438,-1.327,2.356
302-332,302,332,0,-0.021,-0.25,-0.778,0.267,-1.292,-0.599,-1.252,-1.195,-1.73,-1.32,-1.304,-0.407,-0.918,-0.271,-0.031,0.049,-0.427,-0.03
215-240,215,240,0,0.277,-0.332,-1.46,-1.188,-1.318,-0.738,-1.544,-1.581,-1.254,-1.358,-1.121,-0.862,-0.777,-1.374,-0.896,0.796,-1.464,0.305
211-230,211,230,0,0.081,-0.5,-0.44,0.09,-0.587,-1.19,-0.511,-0.188,-0.772,-0.882,-0.565,-1.144,-0.932,2.539,-0.937,1.972,-1.283,1.946
104-135,104,135,0,0.167,0.049,-0.668,1.403,-0.869,-1.107,-0.342,-0.713,-1.217,-1.474,-0.831,-0.774,-0.11,-0.931,0.72,0.127,0.387,0.226
104-137,104,137,1,-1.374,-1.26,0.255,1.425,-0.73,-1.161,-0.101,-0.569,-1.044,-0.853,-0.956,-0.607,-0.475,1.402,0.083,0.525,0.096,1.062
104-136,104,136,0,0.392,-0.371,-1.116,0.306,-0.764,-1.398,-0.355,-1.895,-1.224,-1.253,-0.565,-1.125,-0.129,-0.576,0.897,-0.097,0.68,0.231
104-131,104,131,0,-0.353,-0.721,-0.435,0.429,-0.653,-1.86,0.117,-0.562,-0.801,-1.627,-0.646,-1.682,0.047,-0.306,0.287,0.674,0.218,0.871
104-130,104,130,0,-0.094,-0.325,-0.645,0.714,-0.59,-1.48,-0.044,-0.705,-0.501,-0.906,-0.504,-1.12,-0.109,-0.51,0.165,0.422,-0.154,0.028
211-239,211,239,0,1.453,1.396,-1.384,-0.917,-0.807,-1.0,-1.036,-1.501,-1.061,-1.166,-0.531,-1.414,-0.636,0.289,0.549,0.466,-0.191,1.036
115-139,115,139,0,-0.596,-0.0,0.075,-0.381,-1.385,-0.238,-1.11,-1.312,-1.594,-0.836,-1.684,-0.348,-1.121,0.703,0.144,0.558,-0.041,0.703
206-237,206,237,0,1.239,0.917,-0.862,-0.292,-0.722,-1.191,-0.49,-1.229,-0.789,-0.683,-0.594,-1.156,-0.859,-0.778,-0.013,0.948,-0.635,0.912
213-236,213,236,0,-0.219,0.548,-1.14,-0.214,-0.877,-1.335,-0.847,-1.412,-0.515,-0.513,-0.693,-1.151,-0.486,-0.953,-2.438,0.626,-1.92,-0.09
115-132,115,132,0,0.837,0.636,-0.647,-0.243,-0.664,-1.501,-0.477,-1.455,-0.961,-1.793,-0.592,-1.38,-0.854,-0.214,1.313,-1.15,0.743,0.073
115-131,115,131,0,0.097,0.592,0.03,0.921,-0.965,-0.965,-0.593,-0.095,-1.141,-0.875,-1.166,-0.949,-0.68,-0.802,0.85,-0.336,0.413,-0.101
304-332,304,332,0,0.607,0.282,-1.14,-0.249,-0.872,-1.076,-1.086,-1.587,-0.914,-1.738,-0.686,-0.965,-1.142,-0.181,-0.707,2.042,-1.176,1.449
304-335,304,335,0,-0.52,-0.987,-0.285,-0.032,-0.87,-1.09,-1.082,-1.013,-1.027,-0.307,-0.953,-1.027,-1.613,-0.916,-1.412,0.445,-2.106,0.07
115-136,115,136,0,0.304,0.849,-0.79,0.349,-0.795,-1.447,-0.757,-0.874,-0.511,-0.876,-0.704,-1.297,-1.023,-0.177,0.442,0.223,-0.167,0.53
304-337,304,337,0,-0.607,-0.805,-0.917,0.334,-1.165,-0.196,-0.758,0.122,-0.681,0.61,-1.107,0.025,-1.557,-0.913,-3.802,3.022,-3.093,1.951
118-128,118,128,0,2.282,1.325,-1.492,-1.472,-0.854,-0.733,-1.677,-1.407,-0.716,-0.957,-0.554,-0.918,-0.533,0.142,1.129,-0.455,0.814,0.1
118-131,118,131,0,2.402,1.634,-1.139,-0.093,-0.735,-0.936,-1.054,-1.126,-0.83,-0.669,-0.522,-0.718,-0.966,0.856,0.992,0.259,0.528,1.586
317-329,317,329,1,-0.764,-0.669,-1.317,-0.681,-1.137,-0.472,-1.055,-0.78,-0.916,-0.403,-0.949,-0.588,-1.11,2.086,-0.326,0.682,-0.901,0.778
316-335,316,335,1,0.321,-0.148,-0.937,0.209,-0.923,-0.425,-1.206,-0.219,-0.845,-0.455,-0.811,-0.256,-1.491,2.005,1.009,0.637,0.674,1.248
316-337,316,337,0,-0.114,-0.474,-1.52,-1.428,-0.982,-0.847,-1.282,-0.207,-0.448,-0.608,-0.698,-1.242,-1.223,-0.607,0.954,0.215,-0.012,0.841
113-122,113,122,0,1.097,0.479,-1.21,-1.036,-0.69,-1.2,-1.088,-1.092,-0.112,-1.122,-0.446,-1.217,-0.683,-0.77,0.958,-0.485,0.198,-0.093
106-137,106,137,0,-1.376,-1.254,1.276,1.985,-0.611,-1.246,0.408,0.123,-1.058,-0.337,-1.134,-0.455,-0.454,1.229,0.399,0.227,0.384,0.889
209-234,209,234,0,-1.523,-1.436,-0.679,0.143,-0.75,-1.265,-0.575,-0.97,-0.16,-0.671,-0.685,-1.269,-0.28,-0.108,0.738,0.218,0.189,0.509
106-135,106,135,1,0.148,-0.524,0.183,1.17,-0.809,-1.24,-0.127,-1.153,-1.683,-1.935,-1.027,-1.174,-0.641,1.03,1.03,-0.693,0.604,0.06
106-133,106,133,0,-0.926,-0.755,0.015,1.28,-1.225,-0.77,-0.441,-1.213,-1.761,-1.189,-1.474,-0.269,0.113,-0.79,0.976,-0.34,0.974,-0.141
106-131,106,131,0,0.105,0.617,-0.327,1.161,-0.491,-1.717,0.105,-0.843,-0.812,-1.596,-0.485,-1.1,-0.25,1.638,0.922,-0.244,0.749,0.08
312-333,312,333,0,-0.447,-1.065,-0.682,0.192,-0.959,-0.715,-0.864,-0.576,-0.8,-0.635,-0.935,-0.661,-1.001,-0.265,-1.177,1.219,-1.192,1.12
218-229,218,229,0,0.395,0.188,-0.759,-0.479,-0.761,-0.97,-0.852,-1.402,-1.166,-1.33,-0.674,-1.079,-0.465,-0.745,1.235,-1.014,0.688,-0.515
219-229,219,229,0,-1.006,-1.221,-0.762,0.113,-0.919,-1.379,-0.596,-0.784,-0.676,-1.593,-0.862,-1.504,-0.116,0.597,1.117,-0.513,0.818,0.081
304-325,304,325,0,0.12,-0.238,-0.166,1.045,-1.039,-0.247,-0.941,-0.509,-1.195,0.866,-1.193,0.51,-1.525,-0.933,-2.42,2.548,-2.497,1.773
219-224,219,224,0,-1.693,-1.354,-0.174,0.608,-1.017,-0.765,-0.49,0.487,-0.677,-0.695,-1.164,-0.767,-0.276,0.279,0.6,0.758,0.665,1.264
218-221,218,221,0,1.265,1.576,-0.807,-0.712,-0.725,-1.407,-0.964,-1.255,-0.769,-1.183,-0.615,-1.443,-0.927,0.231,0.576,0.404,-0.121,0.405
203-221,203,221,0,0.363,-0.211,-0.569,0.38,-0.77,-0.788,-0.782,-0.513,-0.923,-0.509,-0.743,-0.798,-0.66,-1.076,0.696,0.683,0.216,0.689
205-222,205,222,0,-0.383,-0.376,-1.089,-0.665,-1.081,-0.304,-1.015,0.108,-0.66,-0.482,-0.953,-0.333,-0.727,-0.761,0.111,0.531,-0.506,0.49
203-222,203,222,0,-0.593,-0.903,-1.073,-0.47,-1.195,-0.647,-1.19,-1.025,-1.341,-1.348,-1.095,-0.926,-0.761,-0.835,0.075,0.39,-0.564,0.097
203-224,203,224,0,-0.886,-0.466,-0.421,0.674,-0.941,-1.112,-0.49,-0.205,-0.542,-0.57,-0.996,-0.885,-0.402,0.577,0.053,0.884,-0.283,0.743
203-226,203,226,0,-0.033,-0.351,-0.448,1.114,-0.856,-0.962,-0.736,-0.282,-1.022,-0.801,-0.885,-0.355,-0.679,-1.375,0.129,0.412,-0.587,0.168
219-236,219,236,0,-0.089,-0.225,-0.886,-0.775,-0.767,-1.182,-0.555,-0.596,-0.454,-1.12,-0.641,-1.293,-0.428,-1.206,1.119,-0.376,0.882,0.469
313-333,313,333,0,-0.835,-1.204,-0.073,0.462,-1.003,-0.755,-0.657,-0.562,-1.39,-0.83,-1.179,-0.64,-1.247,0.421,-0.736,2.053,-1.187,2.189
112-134,112,134,0,-0.138,-0.53,-1.504,-1.052,-0.858,-1.058,-0.825,-1.051,-0.692,-1.201,-0.555,-1.284,-0.419,-0.111,0.479,0.379,-0.053,0.353
106-138,106,138,0,-1.477,-1.013,1.23,1.89,-1.457,-0.732,-0.353,-1.491,-2.334,-1.256,-2.134,0.04,-0.581,1.164,0.05,0.193,0.253,0.361
219-221,219,221,1,-0.586,-0.747,-1.538,-1.301,-1.176,-0.607,-1.092,-0.797,-0.725,-0.95,-0.925,-0.747,-1.06,0.785,-0.666,1.838,-1.383,1.455
207-238,207,238,0,-0.071,0.906,-0.99,0.427,-1.015,-0.899,-0.881,-0.577,-0.985,-1.194,-0.904,-0.986,-0.554,0.429,-0.678,0.631,-1.105,0.341
207-239,207,239,0,-0.193,-0.783,-1.049,-0.36,-0.855,-1.268,-0.858,-1.13,-0.681,-1.206,-0.695,-1.488,-0.901,-1.225,-0.882,0.979,-1.289,0.764
102-137,102,137,0,-0.894,-1.039,-0.912,-0.711,-1.17,-0.328,-1.256,-0.296,-1.199,0.057,-1.115,-0.499,-1.254,3.958,0.585,0.419,0.14,1.291
207-230,207,230,0,-0.696,-0.96,-0.219,0.286,-0.578,-1.026,-0.121,-0.11,-0.206,-0.554,-0.624,-0.891,-1.319,3.199,-2.453,2.509,-2.35,2.433
207-236,207,236,0,0.056,-0.049,-1.074,-0.287,-0.752,-0.937,-0.648,-1.121,-0.73,-0.818,-0.563,-0.92,-0.369,0.642,0.412,0.424,-0.111,0.342
207-237,207,237,0,-1.224,-1.356,-0.498,1.113,-0.75,-1.086,-0.033,0.085,-0.43,-1.152,-0.742,-1.246,-0.295,-0.341,-1.467,1.067,-1.174,0.858
207-234,207,234,0,-1.698,-1.797,-0.559,0.119,-0.847,-0.929,-0.32,-0.651,-0.44,-0.089,-0.84,-0.791,-0.068,-0.195,0.089,0.875,-0.184,1.09
207-235,207,235,0,-0.157,-0.155,-0.879,0.467,-0.747,-0.847,-0.407,-1.29,-0.691,-0.236,-0.618,-0.277,-0.141,0.364,-0.174,1.724,-0.314,1.799
112-138,112,138,0,-0.322,-0.355,-0.506,0.069,-1.016,-1.082,-0.765,-1.691,-0.936,-1.287,-1.059,-0.918,-0.735,-0.45,0.023,0.679,-0.371,1.26
112-139,112,139,0,0.096,0.105,-0.939,-0.626,-0.915,-0.263,-1.092,-0.825,-1.052,-0.572,-0.801,-0.387,-0.773,-1.294,-0.88,1.357,-1.056,0.796
209-230,209,230,0,-0.405,-1.004,-1.049,-0.593,-0.696,-1.2,-0.601,-0.226,-0.512,-0.859,-0.503,-1.291,-0.493,-0.752,0.72,0.632,0.487,1.257
112-130,112,130,0,3.289,2.612,-1.798,-1.173,-0.531,-1.473,-0.736,-1.776,-0.307,-1.242,-0.069,-1.463,-0.816,-1.137,0.58,-0.391,-0.468,-0.152
112-131,112,131,0,1.208,1.034,-1.652,-0.848,-0.63,-1.405,-0.763,-1.872,-0.165,-1.4,-0.235,-1.563,-0.792,0.071,0.43,0.769,-0.146,0.921
112-133,112,133,1,0.524,0.463,-1.172,-0.354,-0.719,-1.272,-0.667,-1.569,-0.263,-1.502,-0.493,-1.516,-0.714,0.225,-0.277,0.671,-0.833,0.337
209-238,209,238,0,-0.364,-0.541,-1.151,-0.888,-0.996,-0.895,-1.092,-0.804,-0.84,-1.055,-0.832,-1.34,-0.407,0.911,1.085,-0.408,0.675,0.43
209-239,209,239,0,0.211,-0.405,-0.837,-0.661,-0.74,-1.057,-0.768,-0.97,-0.79,-0.462,-0.623,-1.095,-0.584,1.574,1.356,-0.343,1.128,0.592
112-136,112,136,1,1.468,0.747,-1.492,-1.012,-0.594,-1.395,-0.682,-1.474,-0.114,-1.898,-0.242,-1.623,-0.525,-0.604,0.404,0.639,-0.253,0.464
112-137,112,137,0,-1.614,-1.442,-0.041,0.429,-0.968,-0.845,-0.629,-0.886,-0.97,-0.675,-1.147,-0.797,-0.254,-0.423,0.704,-0.154,0.74,0.216
318-332,318,332,0,0.157,2.435,-1.368,-0.057,-0.972,-0.912,-1.427,-0.073,-0.205,-0.647,-0.734,-0.962,-1.325,-0.851,-2.702,0.489,-2.499,-0.151
318-333,318,333,0,0.442,1.534,-1.312,-1.42,-1.328,-0.342,-1.688,-1.12,-0.584,-0.3,-1.179,-0.461,-1.305,-0.509,-2.061,0.375,-2.239,-0.023
115-125,115,125,0,1.268,1.12,0.101,2.594,-0.652,-1.859,-0.375,0.256,-0.918,-0.957,-0.814,-1.061,-0.978,1.884,0.484,0.653,0.014,1.236
318-336,318,336,0,-0.519,-0.443,-1.437,-1.78,-1.172,-0.688,-1.385,-0.869,-0.088,-0.587,-0.952,-1.029,-1.916,0.11,-5.194,0.698,-4.104,-0.046
318-337,318,337,1,-0.142,-0.646,-1.631,-1.124,-1.044,-0.995,-1.567,-1.077,-0.457,-0.988,-0.738,-1.186,-1.653,-0.848,-4.181,0.896,-3.473,0.009
318-335,318,335,0,0.254,-0.516,-1.684,-1.784,-1.026,-0.811,-1.746,-1.438,-0.617,-0.382,-0.699,-1.09,-1.671,0.024,-2.241,0.003,-2.465,-0.227
217-239,217,239,0,1.565,1.433,-0.784,0.105,-0.449,-1.499,-0.068,-1.131,-0.415,-1.949,-0.291,-1.457,-0.892,-0.257,1.043,-0.322,0.835,0.085
217-238,217,238,0,0.646,0.76,-1.015,0.734,-0.725,-0.798,-0.339,-0.835,-0.909,-1.456,-0.549,-0.715,-0.638,-0.916,0.627,0.04,0.407,0.682
205-221,205,221,0,0.459,0.426,-1.313,0.113,-0.994,-0.766,-1.503,-0.807,-0.346,-0.091,-0.778,-0.688,-1.008,-0.77,0.547,1.004,-0.252,1.369
312-329,312,329,0,-1.411,-1.05,-0.911,-1.008,-1.181,-0.064,-1.291,-0.521,-0.675,0.411,-1.129,-0.324,-0.739,0.231,-1.083,1.255,-0.778,1.056
205-226,205,226,0,-0.748,-0.745,-0.682,0.686,-0.811,-0.901,-0.716,0.544,-0.223,-0.047,-0.757,-0.657,-0.882,-1.013,-1.551,1.575,-1.658,0.88
205-224,205,224,0,-0.831,0.814,0.388,2.43,-1.144,-0.793,-0.68,1.064,-0.784,0.468,-1.494,-0.309,-0.481,-0.166,-0.951,2.346,-0.773,2.032
217-230,217,230,1,-0.78,-1.273,-0.716,0.6,-0.512,-1.432,0.08,-0.473,-0.116,-1.049,-0.388,-1.492,-0.494,0.727,1.171,-0.41,0.674,0.371
205-229,205,229,0,0.336,-0.13,-1.273,-0.911,-0.801,-1.323,-1.028,-0.418,-0.093,-0.894,-0.559,-1.535,-0.675,-1.794,0.611,0.425,-0.237,0.877
217-235,217,235,0,-0.172,-0.184,0.188,0.458,-0.506,-1.317,0.365,-1.065,-0.67,-1.362,-0.666,-1.012,-0.003,0.68,1.438,-1.28,1.451,-0.211
217-234,217,234,0,-1.84,-1.735,0.44,1.131,-0.738,-1.298,0.171,-0.543,-0.493,-0.971,-1.023,-1.258,0.712,0.714,1.418,-1.318,1.49,-0.035
217-237,217,237,0,0.751,2.263,-0.788,0.513,-0.577,-1.371,0.104,-0.582,-0.599,-1.461,-0.444,-1.116,-0.226,0.769,0.799,0.156,0.802,1.087
217-236,217,236,0,1.165,1.877,-0.635,1.237,-0.336,-1.551,0.246,-0.421,-0.175,-1.485,-0.203,-0.95,-0.191,1.148,0.532,1.298,0.471,1.423
214-236,214,236,0,0.946,2.032,-1.44,-0.765,-0.908,-1.164,-0.462,-1.48,-1.221,-1.535,-0.634,-1.389,-0.196,-0.717,1.385,-1.129,0.96,-0.689
214-237,214,237,0,0.737,1.622,0.013,1.477,-0.954,-1.248,-0.387,-0.081,-1.305,-1.009,-1.148,-0.902,-0.292,-0.166,-0.082,2.029,-0.219,1.43
214-234,214,234,0,-0.609,-0.377,-0.511,0.641,-1.127,-0.708,-0.68,-1.366,-1.262,-0.527,-1.19,-0.389,0.325,-0.151,1.346,-0.963,1.206,-0.217
214-235,214,235,0,-0.298,-0.333,-0.258,0.829,-0.77,-1.299,-0.463,-0.962,-1.087,-1.25,-0.842,-0.917,-0.414,-0.897,1.189,0.124,0.66,0.351
214-230,214,230,0,-0.366,-0.573,-0.74,-0.578,-0.558,-1.395,-0.291,-0.658,-0.206,-0.508,-0.436,-1.45,-0.105,-0.469,0.926,0.206,0.463,0.432
306-333,306,333,0,-1.01,-1.146,-0.595,0.404,-1.088,-0.855,-0.939,0.436,-0.63,-0.197,-1.117,-0.71,-0.876,-0.623,-1.086,1.133,-1.269,1.023
115-138,115,138,0,-0.02,0.071,-0.265,-0.565,-1.322,-0.684,-1.096,-1.171,-1.612,-1.415,-1.501,-0.782,-0.89,-0.662,0.464,0.504,0.304,0.512
312-327,312,327,0,-0.377,-0.288,-1.187,-0.534,-1.155,-0.522,-1.158,-0.749,-0.913,-0.581,-1.01,-0.598,-0.849,0.253,-0.801,0.87,-0.962,0.683
312-328,312,328,1,-0.674,-0.744,-0.768,0.024,-1.038,-0.678,-1.011,-1.009,-0.937,-1.395,-1.003,-0.687,-0.692,0.849,-1.694,0.215,-1.539,-0.031
208-229,208,229,0,-0.15,-0.495,-1.103,-0.835,-1.019,-0.79,-1.183,-1.174,-1.148,-0.282,-0.874,-0.849,-0.89,-0.456,0.723,-0.361,0.015,0.373
208-226,208,226,0,-0.379,-0.355,-0.781,-0.031,-1.087,-0.463,-0.941,-1.136,-1.012,-0.923,-1.057,-0.483,-0.341,-1.322,-0.264,0.722,-0.568,0.438
315-332,315,332,0,0.894,-0.045,-1.337,-1.147,-0.932,-0.902,-1.016,-1.289,-1.294,-2.104,-0.696,-1.048,-0.958,-1.022,1.031,-0.337,0.267,0.505
315-337,315,337,0,-0.549,-0.995,-1.248,-1.39,-1.047,-0.845,-0.912,-0.805,-0.868,-1.008,-0.862,-1.212,-0.938,0.253,-0.095,0.738,-0.702,0.668
315-336,315,336,0,-0.381,-0.615,-1.067,0.072,-0.945,-0.715,-0.908,-0.55,-0.806,-0.605,-0.797,-0.848,-1.196,-0.13,-0.681,1.469,-1.038,1.063
315-335,315,335,0,-0.826,-1.239,-1.069,-0.86,-1.152,-0.817,-1.215,-1.185,-1.016,-0.831,-1.044,-0.982,-1.147,-0.652,-0.426,1.551,-0.985,1.296
208-221,208,221,0,-0.393,-0.563,-1.272,-1.218,-1.186,-0.606,-1.271,-1.158,-1.073,-0.344,-1.021,-0.733,-1.119,-0.203,-1.416,2.151,-1.632,1.475
116-135,116,135,0,1.333,0.23,-1.099,-0.233,-0.797,-0.914,-1.056,-0.9,-0.76,-1.21,-0.609,-1.112,-0.779,0.044,1.15,-0.398,0.586,0.215
116-136,116,136,0,0.506,0.471,-1.23,-0.689,-0.739,-1.661,-0.783,-1.031,-0.411,-1.669,-0.499,-1.687,-0.526,-0.791,1.01,-0.261,0.233,0.064
116-137,116,137,0,-0.977,-1.028,-0.902,-0.62,-0.819,-1.384,-0.878,-1.519,-0.52,-1.36,-0.697,-1.388,-0.414,0.439,1.019,-0.563,0.729,-0.189
116-130,116,130,0,1.175,0.395,-1.403,-0.559,-0.475,-1.573,-0.72,-1.497,-0.518,-1.235,-0.127,-1.308,-0.638,-0.329,1.34,-0.772,0.574,0.144
116-131,116,131,0,0.453,0.183,-1.094,-0.535,-0.715,-1.012,-0.787,-1.247,-0.675,-1.305,-0.513,-0.875,-0.329,1.073,1.267,-0.752,0.832,0.395
217-222,217,222,1,-0.332,-0.645,-0.323,0.059,-0.566,-1.161,-0.142,-0.722,-0.713,-1.263,-0.577,-1.073,-0.718,0.926,0.928,0.11,0.712,0.891
113-135,113,135,0,0.531,1.1,-0.71,0.748,-1.239,-0.546,-0.997,-0.225,-1.15,-0.809,-1.261,-0.108,-0.389,-0.336,0.613,0.089,0.273,0.277
113-134,113,134,0,-0.19,0.215,-0.826,-0.017,-1.047,-1.031,-0.867,-1.222,-0.577,-1.039,-0.995,-0.939,-0.145,-0.15,0.603,-0.072,0.271,0.246
113-137,113,137,0,-0.704,-0.419,-0.813,-0.534,-0.611,-1.566,-0.717,-0.11,-0.089,-1.061,-0.476,-1.699,-0.572,-0.36,0.577,0.411,0.439,0.432
113-136,113,136,0,0.388,0.37,-1.392,-1.159,-0.66,-1.159,-0.881,-0.601,-0.043,-0.56,-0.353,-1.184,-0.577,-0.385,-0.958,0.594,-1.083,0.512
212-235,212,235,0,0.784,0.389,-0.835,-0.198,-0.697,-1.588,-0.83,-1.007,-0.823,-1.002,-0.573,-1.45,-0.907,0.128,0.018,0.864,-0.527,0.697
212-238,212,238,0,0.855,0.788,-1.292,-0.557,-1.004,-1.035,-1.078,-0.905,-1.001,-1.649,-0.796,-0.943,-1.067,-0.735,-0.479,1.036,-1.008,0.947
212-239,212,239,0,2.164,1.493,-0.654,-0.494,-0.966,-0.915,-1.087,-0.668,-1.102,-1.238,-0.952,-0.95,-1.541,1.57,0.132,1.894,-0.917,2.341
104-127,104,127,0,-1.372,-1.37,-0.212,1.281,-1.032,-0.684,-0.368,-0.866,-1.237,-0.821,-1.171,-0.402,0.273,0.79,0.459,0.128,0.485,0.31
309-328,309,328,0,-0.592,-0.467,-0.742,-1.056,-1.425,-0.089,-1.516,-0.901,-1.556,-0.394,-1.475,-0.082,-1.121,0.239,-0.345,1.31,-0.707,1.259
309-323,309,323,0,-0.414,-0.272,-1.039,-0.891,-1.421,-0.281,-1.305,-0.121,-1.356,-0.966,-1.376,-0.27,-1.293,-0.82,-0.251,0.398,-1.038,0.562
309-327,309,327,0,-1.063,-0.952,-0.45,0.072,-1.104,-1.095,-0.968,-0.676,-1.113,-0.746,-1.182,-1.061,-1.009,-0.27,-0.502,0.511,-0.926,0.497
309-326,309,326,0,-0.185,0.44,-0.623,0.596,-1.043,-0.543,-1.012,-0.522,-1.23,-0.795,-1.055,-0.526,-1.166,1.702,-0.312,2.108,-0.74,1.925
309-325,309,325,0,-0.255,-0.643,-0.783,-0.457,-1.441,-0.658,-1.397,-1.552,-1.773,-1.011,-1.481,-0.631,-0.841,-0.695,0.044,0.593,-0.69,0.228
206-240,206,240,0,2.413,1.907,-1.757,-1.215,-0.703,-1.602,-1.002,-1.572,-0.361,-1.499,-0.289,-1.829,-1.335,-2.014,-1.685,2.12,-2.257,0.955
213-239,213,239,0,1.231,1.187,-0.918,0.035,-0.74,-1.118,-1.043,-0.983,-0.719,-1.207,-0.598,-0.827,-1.333,-0.211,-1.015,0.938,-1.806,0.721
213-238,213,238,0,-0.278,0.179,-1.104,-0.544,-1.083,-0.822,-1.097,-1.173,-0.696,-1.194,-0.95,-0.77,-1.02,0.446,-2.17,1.591,-2.035,1.349
213-235,213,235,0,-0.666,-0.668,-1.128,-0.675,-1.185,-0.803,-1.201,-1.6,-0.899,-0.675,-1.065,-0.763,-0.597,-0.3,-1.206,1.004,-1.411,0.632
213-234,213,234,0,-1.429,-1.417,-0.887,-0.411,-0.931,-0.493,-0.618,-0.584,-0.017,0.082,-0.836,-0.501,-0.621,-0.358,-1.407,0.703,-1.412,0.492
213-237,213,237,0,0.591,1.071,-0.481,1.731,-0.835,-0.758,-0.681,0.44,-0.568,0.453,-0.849,-0.264,-0.944,3.705,-1.225,2.31,-1.238,2.64
213-230,213,230,0,0.416,0.239,-1.175,-1.216,-0.761,-0.681,-0.733,-0.288,-0.015,-0.563,-0.542,-1.078,-0.662,-0.904,-0.902,0.981,-1.198,0.889
107-131,107,131,0,1.515,1.727,-1.072,-0.988,-0.705,-1.16,-0.719,-0.781,-0.27,-0.968,-0.508,-1.34,-0.348,1.896,1.292,-0.747,0.972,-0.019
313-323,313,323,0,0.131,0.029,-0.932,0.482,-0.961,-1.076,-0.444,-1.186,-0.945,-1.392,-0.859,-0.853,-1.266,-0.325,-1.733,1.156,-2.196,0.525
113-121,113,121,0,0.262,-0.386,-1.17,-0.825,-0.899,-1.385,-1.18,-0.971,-0.597,-1.024,-0.709,-1.289,-0.602,-1.08,0.828,-0.155,0.205,0.047
313-326,313,326,1,-0.04,0.297,-0.571,0.772,-0.958,-0.97,-0.565,-1.659,-1.552,-1.235,-0.969,-0.378,-0.777,-0.634,-0.344,0.12,-0.763,0.217
313-325,313,325,0,1.121,1.793,-0.845,1.191,-0.557,-1.59,-0.343,-1.531,-0.867,-1.445,-0.402,-0.91,-1.347,-0.62,-0.806,0.674,-1.462,0.506
102-122,102,122,0,0.864,1.401,-0.638,1.628,-1.051,-0.703,-0.835,0.992,-0.951,0.359,-1.059,-0.39,-1.323,-1.045,-0.417,0.635,-1.207,0.088
313-328,313,328,0,-0.606,-0.898,-1.042,-0.139,-1.059,-0.434,-0.766,-0.904,-1.059,-1.076,-0.941,-0.505,-1.317,1.304,-1.303,1.712,-1.722,1.384
313-329,313,329,0,-1.228,-1.22,-0.605,0.496,-0.74,-1.318,-0.178,-1.061,-0.367,-1.219,-0.696,-1.133,-0.733,-0.287,-1.692,1.444,-1.471,1.243
108-131,108,131,0,0.812,1.312,-1.111,-0.563,-0.838,-0.927,-0.9,-1.173,-1.178,-0.95,-0.655,-1.158,-0.419,-1.099,0.692,0.118,0.173,0.372
306-329,306,329,1,-0.811,-0.321,-1.268,-0.77,-1.241,-0.382,-1.389,-0.606,-0.694,-0.634,-1.089,-0.489,-1.133,-0.494,-1.316,1.624,-1.544,1.193
108-133,108,133,0,0.347,0.62,-1.208,0.129,-0.941,-1.295,-0.979,-1.462,-1.11,-1.32,-0.747,-1.059,-0.29,-0.92,0.212,-0.18,-0.291,-0.133
108-135,108,135,0,2.871,1.379,-1.224,-0.495,-0.856,-0.802,-0.795,-1.462,-1.105,-0.841,-0.641,-0.709,-0.762,-0.143,0.547,-0.371,-0.093,-0.031
108-134,108,134,0,0.495,-0.083,-1.035,0.028,-0.876,-1.045,-0.903,-1.11,-0.934,-1.268,-0.724,-1.095,-0.382,0.873,-0.061,0.805,-0.356,0.784
108-137,108,137,0,-1.264,-1.139,-0.063,0.365,-1.029,-0.677,-0.835,-0.461,-1.32,-0.737,-1.213,-0.942,-0.039,0.852,1.294,-0.899,1.476,-0.024
108-136,108,136,0,1.684,1.177,-1.404,-1.219,-0.686,-1.197,-1.006,-0.724,-0.688,-0.908,-0.38,-1.342,-0.582,-0.366,0.976,-0.252,0.355,-0.061
108-139,108,139,0,-0.512,-0.521,-0.33,1.937,-0.998,-0.331,-0.415,0.709,-0.93,0.484,-1.093,0.229,-0.725,-0.409,-0.596,2.406,-0.635,1.795
108-138,108,138,0,-0.62,-0.268,-0.138,-0.086,-1.149,-0.216,-1.298,-1.073,-1.722,-1.026,-1.333,-0.339,-0.561,1.32,1.274,-0.763,1.451,-0.23
113-125,113,125,0,-0.538,0.509,-0.708,0.008,-0.774,-1.026,-0.783,-0.147,0.082,-0.735,-0.705,-0.931,-0.38,0.995,-0.021,0.756,-0.119,1.6
306-325,306,325,0,0.838,0.346,-1.294,-1.006,-1.235,0.31,-1.707,-0.47,-0.917,0.582,-1.073,0.514,-1.648,2.419,-2.256,2.797,-2.615,2.549
306-326,306,326,0,-0.847,-0.829,-0.791,0.289,-0.914,-1.026,-1.122,-0.264,-0.372,-0.558,-0.847,-0.779,-1.081,-1.197,-2.627,2.088,-2.446,1.053
306-327,306,327,0,-0.981,-1.037,-1.371,-1.127,-1.036,-0.524,-1.664,-1.447,-0.82,-0.714,-0.81,-0.795,-0.911,-0.038,-1.546,1.247,-1.552,0.724
311-337,311,337,0,-0.136,-0.437,-0.895,0.549,-0.978,-0.731,-0.533,-0.21,-0.936,-0.4,-0.891,-0.394,-1.261,-0.65,-1.546,2.213,-1.817,1.435
311-336,311,336,0,-0.036,-0.214,-0.811,0.111,-1.039,-0.9,-0.744,-0.867,-1.072,-0.729,-0.991,-0.735,-1.477,-1.317,-0.813,2.617,-1.287,1.962
311-335,311,335,0,0.645,-0.025,-0.721,0.352,-0.824,-1.194,-0.805,-1.188,-1.353,-1.561,-0.76,-1.056,-1.519,0.264,0.532,0.692,-0.453,1.067
206-234,206,234,0,-1.569,-1.8,0.347,1.472,-0.652,-1.399,0.024,-0.92,-0.662,0.174,-0.891,-0.885,-0.123,-1.072,0.488,0.186,0.054,0.603
311-333,311,333,0,-0.35,-0.827,-0.509,-0.069,-0.92,-0.98,-0.8,-0.829,-1.064,-1.08,-0.942,-1.543,-1.217,-1.074,-0.0,0.269,-0.712,0.615
311-332,311,332,0,1.61,0.901,-1.447,-0.795,-0.638,-1.094,-0.951,-0.626,-0.812,-1.219,-0.309,-1.221,-1.273,-1.073,0.607,0.416,-0.602,0.279
206-230,206,230,0,-0.331,-0.507,-0.778,-0.167,-0.654,-1.505,-0.324,-0.38,-0.198,-1.021,-0.539,-1.487,-1.069,-1.172,-0.78,0.989,-1.292,0.768
215-237,215,237,0,1.548,1.474,-1.044,-0.088,-0.779,-1.487,-0.937,-0.219,-0.357,-1.88,-0.604,-1.656,-0.547,-0.383,-0.514,0.862,-0.826,0.371
206-239,206,239,0,-0.031,-0.743,-1.053,-0.599,-0.888,-1.298,-0.898,-1.679,-0.99,-1.697,-0.732,-1.306,-1.541,-0.781,-0.563,0.698,-1.426,0.829
206-238,206,238,0,-0.739,-0.999,-0.449,1.453,-1.052,-0.96,-0.578,0.563,-1.384,-1.281,-1.12,-0.686,-1.097,0.364,-1.399,1.745,-1.478,1.222
113-129,113,129,0,-0.641,-0.736,-1.196,-0.679,-0.917,-0.96,-0.801,-0.923,0.161,-0.677,-0.723,-1.106,-0.429,-1.062,0.446,0.313,0.071,0.535
211-222,211,222,0,-0.629,-0.969,-0.737,-0.139,-0.989,-0.82,-1.044,-1.055,-1.001,-0.046,-0.954,-0.544,-0.667,0.281,0.222,1.121,-0.166,1.132
215-234,215,234,0,-1.558,-1.794,-0.55,0.144,-0.632,-1.512,-0.502,-0.713,0.133,-0.201,-0.584,-1.227,-0.11,-0.733,0.36,0.024,-0.057,0.557
317-335,317,335,1,-0.164,-0.876,-0.818,-0.991,-0.931,-0.542,-1.232,-0.448,-0.881,-0.339,-0.858,-0.914,-1.473,-0.086,0.374,1.184,-0.355,1.386
203-240,203,240,0,1.767,1.008,-1.823,-1.199,-0.628,-1.236,-0.874,-0.671,-0.352,-0.853,-0.178,-1.555,-0.733,-1.37,0.648,-0.079,-0.313,0.251
209-236,209,236,0,-0.01,-0.446,-0.26,0.953,-0.816,-1.193,-0.719,-0.975,-1.38,-1.184,-0.896,-0.841,0.012,0.298,1.562,-1.12,1.704,-0.217
111-129,111,129,0,-0.168,-0.799,-1.328,-0.948,-0.695,-1.512,-0.641,-0.719,-0.323,-1.554,-0.415,-1.637,-0.738,-0.646,0.607,-0.074,-0.057,0.135
104-121,104,121,0,-0.548,-0.84,-0.551,0.553,-1.049,-1.065,-0.487,-1.315,-1.353,-0.768,-1.084,-1.21,-0.58,-1.274,0.602,-0.097,0.256,-0.037
115-130,115,130,0,1.205,0.407,-0.692,0.56,-0.784,-0.615,-0.493,-0.547,-0.896,-1.134,-0.722,-0.512,-1.126,0.046,0.876,0.212,0.34,0.615
104-126,104,126,0,0.2,-0.202,-0.805,-0.179,-0.763,-1.062,-0.539,-1.628,-0.903,-0.068,-0.661,-0.772,-0.386,-0.715,0.006,1.101,-0.276,1.05
201-240,201,240,0,1.291,0.683,-1.542,-1.092,-0.65,-1.475,-1.386,-1.966,-0.374,-1.434,-0.293,-1.756,-0.678,-0.929,-0.403,0.662,-1.317,0.032
107-135,107,135,0,2.313,1.453,-1.102,-0.204,-0.537,-1.742,-0.757,-0.566,-0.529,-2.068,-0.297,-1.683,-0.468,1.889,1.483,-0.989,1.226,-0.212
311-327,311,327,0,-0.483,-0.779,-0.642,0.021,-0.877,-0.772,-0.756,-1.691,-1.414,-0.464,-0.849,-1.017,-1.032,-0.048,0.448,0.501,-0.156,0.844
209-237,209,237,0,-0.251,-0.304,-0.566,0.393,-0.898,-0.936,-0.696,-1.105,-1.364,-1.118,-0.898,-0.726,0.355,2.236,1.459,-0.725,1.925,0.226
119-137,119,137,0,-0.965,-1.218,-1.028,-0.939,-1.277,-0.442,-1.466,-0.885,-1.267,-0.679,-1.208,-0.756,-0.879,1.108,-0.039,-0.091,-0.555,-0.061
119-136,119,136,0,0.446,0.096,-1.189,-0.786,-1.016,-0.575,-1.548,-1.45,-1.005,-0.741,-0.843,-0.588,-0.862,1.491,-1.441,1.365,-1.509,1.045
119-135,119,135,0,-0.084,0.322,-1.073,-0.776,-1.223,-0.394,-1.269,-0.849,-1.183,-0.666,-1.128,-0.498,-0.623,-0.148,-1.205,1.096,-1.133,0.466
107-133,107,133,0,2.656,2.49,-1.509,-0.914,-0.501,-1.831,-0.9,-1.47,-0.171,-1.376,-0.125,-1.774,-0.259,0.878,1.37,-0.772,0.824,0.057
119-133,119,133,0,1.797,1.208,-1.596,-0.89,-0.926,-0.919,-1.612,-1.515,-0.876,-1.279,-0.608,-0.952,-0.798,-0.49,-1.149,0.42,-1.573,0.469
114-138,114,138,0,-1.233,-1.12,-0.434,-0.441,-1.425,-0.513,-1.097,0.098,-1.221,0.139,-1.572,-0.583,-0.82,0.535,0.497,0.004,0.026,0.244
119-130,119,130,0,0.767,-0.001,-1.499,-1.275,-0.854,-0.747,-1.154,-0.648,-0.3,0.108,-0.551,-0.915,-1.018,-0.161,-1.108,1.23,-1.404,0.641
114-136,114,136,0,0.88,1.172,-1.321,-1.131,-0.733,-1.309,-1.011,-0.823,-0.273,-0.927,-0.462,-1.291,-0.948,0.5,0.143,1.203,-0.282,0.859
114-137,114,137,0,-1.331,-1.199,-0.151,-0.098,-1.255,-0.68,-0.82,-0.582,-0.973,0.141,-1.457,-0.626,-0.429,-0.536,1.067,-0.352,0.974,-0.011
114-134,114,134,0,-0.032,-0.213,-0.774,0.694,-0.917,-1.298,-0.745,-0.008,-0.466,-0.813,-0.856,-1.336,-0.71,-0.29,0.822,-0.054,0.175,0.031
114-135,114,135,1,-0.4,-0.445,-1.124,-0.758,-1.248,-0.658,-1.096,-0.441,-0.991,-0.506,-1.142,-0.594,-0.821,-0.01,0.731,0.185,0.078,0.526
114-132,114,132,0,-0.509,-0.5,-0.687,0.178,-0.917,-0.864,-0.729,-0.367,-0.626,-0.961,-0.882,-1.047,-0.859,-0.297,-0.226,0.761,-0.992,0.45
114-130,114,130,0,0.719,1.376,-1.092,0.974,-0.576,-1.735,-0.459,-0.476,0.143,-1.933,-0.347,-1.319,-0.895,0.123,0.377,0.867,-0.381,0.872
114-131,114,131,0,0.405,1.029,-0.824,0.094,-0.737,-1.329,-0.75,-1.006,-0.512,-1.635,-0.623,-1.158,-0.837,0.627,0.397,0.701,-0.18,0.547
307-327,307,327,0,-0.717,-0.694,-1.118,-0.973,-1.368,-0.273,-1.82,-0.317,-1.34,-0.179,-1.287,-0.542,-1.007,-0.921,-1.061,1.228,-1.09,1.315
214-238,214,238,0,-0.345,-0.097,-0.724,0.578,-0.81,-1.601,-0.447,-0.83,-0.686,-0.899,-0.742,-1.393,-0.429,-0.802,0.499,0.551,0.049,0.686
219-240,219,240,0,-0.01,-0.275,-1.56,-1.343,-1.012,-0.788,-1.268,-1.525,-0.732,-0.952,-0.722,-1.049,-1.069,-0.208,-0.44,1.416,-1.114,1.229
207-240,207,240,0,0.829,0.105,-1.161,-0.528,-0.955,-0.614,-1.238,-1.605,-1.246,-1.102,-0.779,-0.439,-1.39,1.245,-1.189,0.918,-1.839,0.639
306-328,306,328,0,-1.07,-0.811,-1.26,-1.032,-0.968,-0.35,-1.484,-0.408,-0.315,0.363,-0.763,-0.553,-0.963,2.005,-1.484,1.994,-1.585,0.817
309-335,309,335,0,-0.548,-0.793,-1.319,-0.991,-1.295,-0.343,-1.176,-1.09,-1.247,-0.063,-1.137,-0.295,-0.983,-0.249,-1.818,0.942,-1.541,0.466
211-224,211,224,0,-0.543,-0.364,-0.427,1.244,-0.911,-1.094,-0.554,0.655,-0.882,0.015,-0.958,-0.85,-0.244,0.43,-0.733,1.455,-0.589,1.177
302-325,302,325,0,-0.776,-0.802,-0.709,-0.465,-1.403,0.177,-1.31,-0.735,-1.525,-0.089,-1.459,0.188,-1.223,-0.245,-0.816,0.329,-1.026,0.207
211-226,211,226,0,-0.871,-0.805,-0.571,0.278,-0.849,-1.106,-0.4,-1.086,-0.313,-0.415,-0.838,-0.58,0.006,-0.556,-0.314,0.467,-0.497,0.266
302-327,302,327,0,-0.825,-0.803,-0.656,0.505,-0.617,-1.119,-0.585,-0.187,-0.474,-0.761,-0.533,-1.023,-0.673,-0.378,-1.212,2.195,-1.219,1.423
211-221,211,221,0,0.543,-0.524,-1.24,-1.071,-0.934,-0.858,-0.983,-0.768,-1.107,-0.462,-0.729,-1.064,-0.857,0.144,-0.776,1.665,-1.109,1.469
215-235,215,235,0,-0.207,0.162,-1.147,-0.133,-0.814,-1.077,-0.961,-0.113,-0.625,-0.505,-0.614,-1.273,-0.087,-0.136,-0.374,0.437,-0.569,0.212
302-323,302,323,0,-0.428,-0.405,-0.397,0.281,-1.21,-0.395,-1.095,-0.122,-1.529,-0.569,-1.326,-0.398,-1.279,-1.219,-1.2,1.472,-1.573,1.108
104-122,104,122,0,0.671,0.195,-0.989,0.491,-0.76,-1.58,-0.206,-1.447,-0.944,-0.969,-0.6,-1.24,-1.109,0.091,0.25,0.274,-0.753,0.569
104-123,104,123,0,-1.201,-0.939,0.15,0.993,-1.465,-0.351,-0.694,-1.635,-1.842,-0.32,-1.804,0.138,-0.231,0.138,0.601,-0.188,0.268,0.298
215-239,215,239,0,-0.184,-0.796,-1.48,-1.076,-0.773,-1.22,-0.943,-0.61,-0.183,-0.825,-0.46,-1.415,-0.809,0.005,-1.017,1.034,-1.319,0.39
215-238,215,238,0,-0.414,0.027,-1.284,-0.624,-1.263,-0.884,-1.228,-0.42,-0.705,-0.661,-1.109,-0.961,-0.633,-0.781,-1.779,0.993,-1.582,0.362
302-328,302,328,0,-0.974,-0.726,-0.584,-0.297,-1.116,-0.6,-0.904,-0.462,-0.831,-0.161,-1.154,-0.668,-0.85,-0.194,-1.171,1.654,-1.198,1.263
302-329,302,329,0,-0.833,-0.774,-0.602,0.262,-1.136,-0.313,-0.958,-0.702,-1.474,-0.24,-1.172,-0.09,-0.634,-0.541,-0.604,0.765,-0.484,0.712
104-124,104,124,0,-0.126,-0.251,-0.484,0.737,-1.368,-0.297,-0.624,-1.827,-1.889,-0.455,-1.488,0.283,-0.205,-0.879,0.455,-0.325,0.13,0.041
104-125,104,125,0,-0.119,-0.206,-0.57,0.269,-0.836,-1.346,-0.402,-1.19,-1.064,-0.561,-0.823,-0.884,-0.644,-0.099,-0.847,1.722,-1.053,1.39
115-128,115,128,0,1.088,0.887,-0.927,-0.379,-0.543,-1.675,-0.542,-1.443,-0.543,-1.895,-0.359,-1.711,-0.722,1.35,1.22,-0.64,0.791,-0.242
115-129,115,129,0,-0.234,-0.096,-0.73,-0.648,-0.732,-1.557,-0.62,-0.979,-0.487,-1.0,-0.647,-1.572,-1.249,0.845,0.293,0.818,-0.236,1.141
115-121,115,121,0,-0.206,-0.668,-0.026,0.8,-1.03,-1.024,-0.723,-0.948,-1.103,-1.169,-1.227,-0.751,-0.979,-0.93,0.658,0.313,0.274,0.803
115-122,115,122,0,0.939,1.394,-0.774,-0.072,-0.911,-1.364,-0.85,-1.216,-0.758,-1.185,-0.849,-1.118,-0.999,-1.067,0.774,0.322,0.475,0.332
115-123,115,123,0,-0.77,-0.579,-0.641,-0.515,-1.273,-0.844,-0.893,-0.788,-1.147,-1.205,-1.324,-1.02,-0.249,-1.315,0.423,0.109,0.209,0.597
115-124,115,124,0,0.035,0.754,-0.55,-0.404,-1.32,-0.707,-0.946,-1.158,-1.11,-1.09,-1.409,-0.711,-0.284,-1.001,0.529,-0.047,0.342,0.169
115-126,115,126,0,0.595,0.541,-0.21,0.687,-0.868,-1.105,-0.385,-0.227,-0.728,-0.504,-0.975,-0.942,-1.142,1.686,0.118,1.61,-0.194,2.364
115-127,115,127,0,-1.6,-1.369,0.206,0.647,-1.214,-0.54,-0.596,0.018,-1.045,-0.28,-1.52,-0.636,-0.156,-0.714,-0.3,0.948,-0.07,0.875
310-325,310,325,0,-0.197,0.063,-0.708,0.835,-1.44,0.231,-1.457,0.053,-1.229,0.458,-1.504,0.476,-0.817,0.354,-1.09,1.941,-1.201,1.688
310-327,310,327,0,-0.93,-1.03,-1.479,-0.735,-1.104,-0.563,-1.502,-0.964,-0.583,-0.25,-0.857,-0.634,-0.621,0.345,-0.666,0.571,-0.89,0.209
310-326,310,326,0,0.056,0.15,-1.535,-1.127,-1.192,-0.514,-1.662,-1.371,-0.896,-0.5,-0.945,-0.618,-0.614,-1.241,-1.077,0.948,-1.188,0.788
310-323,310,323,0,-0.296,-0.533,-0.928,1.048,-1.333,-0.431,-1.368,0.635,-0.822,-0.692,-1.306,-0.486,-0.856,-1.055,-1.147,2.207,-1.316,1.44
310-329,310,329,0,-1.18,-0.706,-1.027,-0.326,-1.477,0.079,-1.322,0.018,-0.94,0.028,-1.447,-0.036,-0.907,5.592,-0.513,1.386,-0.394,2.028
219-239,219,239,0,-0.87,-1.187,-0.739,-0.352,-0.722,-1.112,-0.685,-0.321,-0.251,-0.767,-0.632,-1.062,-0.897,0.569,1.111,-0.356,0.547,0.871
219-237,219,237,0,-1.249,-1.312,-1.042,-0.511,-0.819,-0.894,-0.426,-0.57,-0.36,-0.395,-0.654,-1.177,-0.122,2.058,0.995,-0.273,1.106,0.591
219-235,219,235,0,-1.219,-1.356,-0.637,-0.317,-0.769,-0.836,-0.737,0.47,-0.473,-0.535,-0.721,-1.039,-0.248,-0.097,1.169,-0.352,1.133,0.137
219-230,219,230,0,-1.127,-1.569,-1.255,-0.728,-0.702,-1.23,-0.332,-0.051,-0.044,-0.89,-0.446,-1.28,-0.339,-0.667,-0.217,0.596,-0.532,0.625
106-124,106,124,0,-0.493,1.586,-0.557,0.835,-1.304,-0.724,-0.712,-1.344,-1.61,-1.453,-1.388,-1.029,-0.323,0.234,0.338,0.324,0.123,1.06
106-125,106,125,0,-0.695,-0.642,1.198,1.176,-1.184,-1.054,-0.107,0.036,-1.767,-0.967,-1.796,-0.704,-0.494,0.283,-0.425,0.539,-0.676,1.438
106-126,106,126,0,0.927,0.522,-0.007,1.175,-0.574,-1.583,-0.16,-1.054,-0.837,-1.381,-0.686,-1.105,-0.502,-0.158,0.321,0.408,-0.109,0.405
106-127,106,127,0,-1.653,-1.534,0.065,1.174,-0.974,-0.807,-0.397,-1.321,-1.208,-0.592,-1.189,-0.447,0.004,0.8,0.241,0.009,0.425,0.13
106-123,106,123,0,-0.259,0.152,-0.72,0.963,-0.95,-1.281,-0.367,-1.039,-1.114,-1.199,-0.912,-1.055,0.043,-0.885,0.081,0.648,0.045,0.506
106-128,106,128,0,-0.922,-0.726,-0.397,1.087,-0.839,-0.862,-0.383,-1.294,-1.249,-1.149,-0.88,-0.581,-0.005,1.455,0.887,-0.42,0.938,0.298
106-129,106,129,0,-0.459,-0.472,-0.202,1.925,-0.832,-1.04,-0.078,-0.804,-1.102,-0.918,-0.933,0.051,-0.235,1.582,0.543,0.606,0.353,0.717
111-127,111,127,0,-1.058,-1.182,-1.046,-0.342,-0.849,-1.193,-0.83,-0.516,-0.803,-1.587,-0.689,-1.426,-0.221,-0.206,0.503,-0.253,0.372,-0.168
218-230,218,230,1,0.534,-0.1,-0.49,-0.152,-0.524,-1.739,-0.322,-0.652,-0.613,-1.282,-0.473,-1.555,-0.641,0.772,0.91,0.45,0.408,0.912
212-240,212,240,0,2.674,0.224,-1.506,-1.184,-0.801,-0.723,-1.536,-1.958,-1.451,-1.185,-0.485,-0.853,-1.239,-1.848,0.632,-0.589,-0.651,-0.426
218-238,218,238,0,-0.058,-0.243,-0.548,0.263,-1.048,-1.174,-0.755,-0.914,-1.278,-1.712,-1.084,-1.254,-1.102,-0.463,0.014,1.439,-0.453,1.114
203-236,203,236,0,1.67,0.791,-1.665,-0.407,-0.422,-2.075,-0.747,-0.699,-0.093,-1.251,0.019,-1.971,-0.389,-1.173,0.582,0.615,-0.057,0.469
203-237,203,237,0,-0.527,-0.587,-0.86,-0.676,-0.979,-1.0,-0.77,-0.939,-0.893,-0.872,-0.902,-0.98,-0.486,-0.434,0.386,1.296,0.315,1.646
203-235,203,235,0,0.114,0.505,-0.56,0.105,-0.568,-1.418,-0.513,-0.601,-0.577,-1.839,-0.504,-1.093,-0.332,-0.911,0.976,0.177,0.618,0.537
203-230,203,230,0,-0.047,-0.515,-1.301,-0.969,-0.48,-1.826,-0.702,-0.806,-0.079,-1.008,-0.165,-2.014,-0.313,-0.822,0.498,0.42,-0.213,0.445
203-238,203,238,0,0.458,0.165,-1.263,-0.936,-0.83,-0.814,-0.796,-1.118,-0.848,-1.409,-0.597,-0.803,-0.462,-1.376,0.774,0.042,0.276,0.236
203-239,203,239,0,-0.079,-0.766,-0.722,-0.548,-0.728,-0.953,-0.742,-1.108,-0.555,-1.138,-0.645,-0.937,-0.681,0.727,1.188,-0.661,0.589,0.101
304-326,304,326,0,-0.765,-0.924,-0.587,0.465,-1.07,-0.658,-0.774,-0.252,-1.018,-0.133,-1.097,-0.661,-1.339,-0.972,-1.544,2.066,-1.829,1.543
304-328,304,328,1,-0.852,-0.782,-0.317,0.411,-0.881,-1.305,-0.626,-0.527,-0.534,0.311,-0.956,-0.807,-1.334,-0.894,-2.961,2.8,-2.515,1.544
304-329,304,329,0,-1.43,-1.139,0.176,1.642,-1.048,-0.71,-0.544,0.068,-0.864,-0.291,-1.312,-0.769,-1.312,-0.663,-2.997,1.67,-2.332,0.942
116-123,116,123,0,0.726,0.458,-1.56,-1.094,-0.922,-0.86,-0.963,-1.611,-0.759,-1.432,-0.614,-0.869,-0.263,-0.792,0.891,-0.067,0.315,0.296
116-129,116,129,0,1.042,0.642,-1.258,-1.094,-0.68,-1.185,-0.764,-0.738,-0.2,-0.783,-0.418,-1.32,-0.528,1.233,1.266,-0.884,0.543,0.061
104-128,104,128,0,-1.594,-1.261,0.554,1.283,-1.156,-0.583,-0.505,-1.346,-1.685,-0.581,-1.56,-0.269,0.547,-0.096,0.813,-0.679,1.179,-0.403
218-240,218,240,0,2.052,0.28,-1.048,-0.9,-0.653,-1.41,-1.139,-2.0,-1.314,-1.959,-0.453,-1.385,-1.377,-0.684,0.778,-0.63,-0.294,-0.287
219-238,219,238,0,-0.919,-0.992,-1.02,-0.173,-1.079,-0.578,-0.752,0.362,-0.662,-0.66,-0.972,-0.809,-0.481,0.548,-0.15,1.542,-0.122,1.655
205-230,205,230,0,-0.548,-0.852,-1.274,-0.722,-0.81,-0.605,-0.814,1.002,-0.157,-0.527,-0.57,-1.003,-0.88,0.066,-0.744,1.145,-1.246,0.994
311-328,311,328,0,-0.079,-0.36,-0.472,0.318,-1.141,-0.629,-1.039,-1.141,-1.516,-0.559,-1.219,-0.409,-1.267,0.208,0.331,0.471,-0.503,0.898
118-136,118,136,0,3.292,2.479,-1.151,0.541,-0.722,-1.508,-1.106,0.032,-0.606,-1.025,-0.503,-0.892,-0.847,0.26,0.495,1.112,0.322,0.97
205-234,205,234,0,-1.678,-1.83,-0.756,-0.383,-0.576,-1.235,-0.287,-0.348,0.062,-0.595,-0.452,-1.261,-0.131,-0.638,0.796,0.28,0.292,0.436
205-235,205,235,0,-0.184,-0.095,-1.134,-0.069,-0.889,-0.579,-1.147,-0.485,-0.63,-0.256,-0.708,-0.384,-0.513,1.81,0.46,1.076,0.106,1.1
205-236,205,236,0,4.191,2.816,-1.776,-1.532,-0.505,-1.585,-1.061,-1.017,-0.422,-1.643,-0.046,-1.748,-0.666,-0.399,0.768,-0.459,-0.102,0.076
302-326,302,326,0,-1.405,-1.188,-0.202,-0.301,-1.599,-0.035,-1.386,-0.856,-1.887,-0.174,-1.853,-0.254,-0.659,-0.435,-0.463,0.287,-0.589,0.282
205-238,205,238,0,-0.457,-0.532,-0.782,1.58,-1.0,-1.068,-1.026,0.522,-0.583,-0.612,-0.953,-0.71,-1.133,-0.335,-1.124,1.822,-1.584,1.473
205-239,205,239,0,1.521,1.852,-1.489,-0.775,-0.668,-1.305,-1.112,-0.972,-0.072,-1.545,-0.332,-1.765,-1.248,0.94,0.614,0.558,-0.43,1.317
220-240,220,240,0,0.61,0.391,-1.135,-1.151,-0.88,-0.353,-1.416,-0.825,-0.455,0.066,-0.698,-0.409,-1.345,-0.162,-0.14,0.95,-1.14,0.954
112-126,112,126,0,0.924,0.484,-0.681,2.333,-0.664,-1.939,-0.474,0.212,-0.627,-0.578,-0.581,-0.653,-0.566,-0.028,-0.255,1.441,-0.627,0.822
302-337,302,337,0,-0.182,-0.209,-0.471,-0.302,-1.121,-0.793,-1.034,-0.596,-1.055,-0.545,-1.195,-0.813,-1.581,0.312,-1.421,1.608,-1.882,1.239
209-229,209,229,0,0.236,0.571,-0.919,0.459,-0.846,-1.31,-0.62,-0.074,-0.937,-0.964,-0.725,-1.166,-0.273,0.617,0.947,0.843,1.004,1.061
112-124,112,124,0,-0.383,-0.71,-1.335,-0.776,-1.015,-0.901,-0.813,-1.529,-0.833,-0.825,-0.797,-0.934,-0.386,-0.45,0.013,1.198,-0.248,1.041
113-131,113,131,0,-0.459,-0.625,-1.204,-0.678,-1.015,-0.797,-1.089,-0.502,-0.611,-0.854,-0.837,-0.981,-0.476,0.297,0.422,0.107,0.169,0.401
214-240,214,240,0,-0.036,-0.285,-0.556,0.308,-0.94,-1.373,-0.674,-1.32,-1.082,-0.97,-0.952,-1.188,-0.74,-0.971,1.131,-0.7,0.159,-0.014
204-239,204,239,0,0.352,0.08,-1.149,-1.062,-0.693,-1.618,-0.752,-0.422,-0.304,-1.143,-0.469,-1.762,-1.085,0.826,1.365,-0.9,0.841,-0.071
204-238,204,238,0,0.503,0.283,-0.72,0.437,-0.97,-0.84,-0.89,-0.108,-0.991,-1.48,-0.936,-0.703,-0.762,2.029,1.233,-0.647,0.741,-0.145
204-235,204,235,0,1.01,0.521,-0.764,-0.45,-1.065,-0.232,-0.97,0.157,-1.343,-0.448,-1.036,-0.22,-0.492,-0.462,1.525,-1.438,1.441,-0.689
204-234,204,234,0,-1.548,-1.593,-0.121,0.133,-0.789,-1.18,-0.551,-0.423,-0.609,-0.882,-0.907,-1.252,-0.443,0.786,1.048,-0.593,0.616,0.706
204-237,204,237,0,0.243,-0.326,-0.84,-0.077,-0.828,-0.446,-0.549,-0.477,-1.012,-0.901,-0.728,-0.769,-0.48,0.088,1.384,-0.722,1.402,0.006
204-236,204,236,0,1.983,3.144,-0.861,-0.243,-0.567,-1.167,-0.367,-0.72,-0.302,-0.551,-0.409,-1.016,-0.945,-0.074,1.457,-1.24,1.082,-0.497
312-323,312,323,0,-0.874,-0.736,-0.305,1.562,-1.183,-0.653,-0.98,0.316,-1.124,-0.365,-1.322,-0.254,-1.12,-1.128,-1.601,1.415,-1.608,0.877
204-230,204,230,1,-0.634,-0.849,-0.944,-0.832,-0.658,-0.91,-0.489,0.195,-0.125,-0.394,-0.492,-1.148,-0.938,2.429,0.195,1.414,-0.152,2.135
113-130,113,130,0,1.965,0.767,-1.464,-1.425,-0.533,-1.658,-0.786,-1.656,0.374,-1.205,-0.178,-1.768,-0.645,-0.632,-0.04,2.273,-0.422,1.697
111-139,111,139,0,-1.072,-0.823,-0.654,0.186,-1.353,-0.163,-1.306,-0.532,-1.3,-0.601,-1.416,-0.224,-0.258,0.068,-0.003,0.443,0.084,0.191
111-138,111,138,0,-0.515,-0.643,-0.762,-0.037,-1.126,-0.455,-1.123,-0.212,-1.205,-0.49,-1.11,-0.326,-0.555,-0.838,0.642,-0.242,0.238,0.279
111-137,111,137,0,-1.312,-1.368,-0.865,0.093,-0.898,-0.728,-0.701,0.024,-0.797,-1.141,-0.804,-0.941,-0.038,0.275,0.419,-0.014,0.512,0.3
111-136,111,136,1,3.849,3.485,-1.918,-1.089,-0.414,-1.498,-0.869,-1.852,-0.031,-2.028,0.108,-1.608,-0.731,0.925,0.806,-0.632,-0.107,-0.565
111-135,111,135,0,1.16,0.929,-1.267,-0.125,-0.921,-1.006,-0.917,-1.385,-1.101,-1.586,-0.705,-1.052,-0.477,-0.278,0.902,0.097,0.478,0.502
111-134,111,134,0,-0.172,-0.77,-1.015,-0.254,-0.713,-1.58,-0.719,-1.62,-0.793,-1.799,-0.535,-1.526,0.015,0.468,0.839,-0.43,0.527,-0.344
111-133,111,133,0,1.114,0.752,-1.591,-0.836,-0.733,-1.532,-0.967,-0.931,-0.458,-1.645,-0.377,-1.671,-0.537,-0.579,0.669,-0.237,-0.153,0.083
111-131,111,131,0,1.448,0.993,-1.957,-1.205,-0.696,-0.901,-1.138,-1.277,-0.684,-1.408,-0.218,-1.044,-0.949,-0.187,0.861,-0.475,-0.22,0.003
111-130,111,130,0,2.431,2.305,-1.694,0.231,-0.62,-1.164,-0.907,-1.011,-0.39,-1.539,-0.21,-1.178,-0.807,1.604,0.411,0.762,-0.06,1.136
213-229,213,229,0,0.054,0.046,-0.838,-0.288,-1.053,-0.779,-1.16,-0.853,-1.038,-0.191,-0.998,-0.468,-0.3,-0.407,0.145,0.764,0.062,0.658
220-239,220,239,0,0.742,0.59,-1.282,-1.363,-0.82,-0.985,-1.062,-1.575,-0.584,-0.574,-0.58,-1.325,-0.769,-1.099,0.67,-0.398,-0.251,-0.066
220-238,220,238,0,-0.76,-0.526,-0.987,-0.381,-0.975,-0.954,-0.76,-0.868,-0.553,-0.734,-0.858,-1.088,-0.345,-0.377,-0.593,1.442,-0.652,0.926
220-237,220,237,0,0.058,-0.132,-0.892,-0.239,-0.83,-1.079,-0.952,-0.5,-0.762,-0.816,-0.714,-0.768,-0.464,1.625,0.339,0.43,0.079,0.618
220-236,220,236,0,0.689,1.121,-1.203,-0.041,-0.657,-0.795,-0.856,-1.14,-0.422,-1.087,-0.409,-0.631,-0.3,-0.291,0.362,0.661,-0.17,0.502
220-235,220,235,0,-0.772,-0.3,-0.149,0.001,-1.143,-0.63,-1.09,-0.945,-1.231,-1.134,-1.323,-0.485,-0.046,0.008,0.858,-0.397,0.716,-0.001
315-328,315,328,0,-0.573,-0.924,-1.154,-0.777,-1.196,0.02,-1.207,-0.303,-1.172,-0.143,-1.071,-0.139,-0.554,-0.676,0.677,0.284,0.363,0.382
315-329,315,329,1,-1.279,-1.236,-0.894,-0.803,-0.92,-0.9,-0.648,-1.103,-0.678,-0.813,-0.821,-1.047,-0.745,2.207,0.315,1.146,0.103,1.47
214-239,214,239,0,-0.468,-0.876,-0.837,-0.496,-0.851,-1.204,-0.682,-1.246,-0.701,-1.786,-0.757,-1.497,-0.84,-1.588,0.963,-0.434,0.069,0.081
117-135,117,135,1,1.014,2.14,-1.084,-0.57,-1.18,-0.581,-1.405,0.217,-0.721,-0.251,-1.073,-0.636,-0.422,0.542,0.544,0.413,0.335,0.445
316-336,316,336,1,-0.152,-0.25,-1.137,-0.735,-1.144,-0.405,-1.66,-0.516,-0.998,-0.27,-1.013,-0.521,-1.401,-0.968,1.181,-0.263,0.781,0.26
117-137,117,137,0,-1.324,-1.212,-1.649,-1.585,-1.14,-0.139,-1.755,0.125,0.318,1.341,-0.847,-0.42,-0.722,0.474,0.003,0.18,-0.165,0.569
117-136,117,136,1,2.932,3.102,-1.674,-1.711,-0.671,-0.874,-1.252,-0.589,0.35,-1.325,-0.277,-1.079,-0.767,0.817,0.675,-0.221,-0.13,0.184
117-139,117,139,0,-0.233,-0.171,-1.396,-1.05,-1.379,0.191,-2.253,-0.448,-1.481,0.326,-1.213,-0.107,-0.769,1.286,0.085,0.806,-0.116,1.256
117-138,117,138,0,-0.735,-0.724,-0.429,2.125,-1.101,-0.836,-1.213,0.813,-0.458,0.568,-1.185,-0.152,-0.894,-1.258,-1.018,2.154,-1.184,1.687
315-323,315,323,0,-0.136,0.313,-0.839,-0.42,-1.064,-0.835,-1.033,-1.199,-0.952,-0.512,-1.012,-0.967,-0.777,-0.537,0.244,0.567,-0.184,0.558
315-325,315,325,0,-0.431,-0.431,-0.812,-0.572,-1.047,-0.599,-0.954,-1.201,-1.09,-0.222,-0.999,-0.579,-0.879,-0.647,0.002,0.854,-0.648,0.946
315-326,315,326,0,-0.761,-0.629,-0.657,0.324,-1.13,-0.349,-1.116,-1.227,-1.424,-0.693,-1.148,0.037,-0.696,-0.52,0.35,1.142,-0.065,0.852
315-327,315,327,0,-0.796,-1.01,-0.632,-0.718,-1.148,-0.485,-1.164,-1.074,-1.276,-0.803,-1.177,-0.794,-0.527,-0.461,0.389,0.088,-0.087,0.249
217-226,217,226,0,-0.97,-1.175,0.023,0.769,-0.742,-1.207,0.165,-0.711,-0.764,-0.789,-0.897,-0.695,0.362,-0.152,1.099,-0.449,1.146,0.038
217-224,217,224,0,-0.336,-0.295,-0.196,0.716,-0.719,-1.091,0.037,-0.925,-0.711,-1.167,-0.8,-0.715,0.336,0.139,1.075,-0.448,1.366,-0.421
113-133,113,133,1,-1.424,-1.257,-0.573,-0.301,-1.234,-0.819,-1.305,-0.655,-0.753,-0.228,-1.298,-0.793,-0.195,-0.249,0.554,0.185,0.578,0.527
217-221,217,221,0,-0.583,-0.434,-0.189,0.521,-1.251,0.041,-0.579,-0.254,-1.21,-0.099,-1.44,0.288,-0.591,0.734,0.381,1.194,0.171,1.2
217-229,217,229,0,-1.043,-1.231,-0.363,0.453,-0.74,-1.248,-0.051,-1.147,-0.876,-1.338,-0.772,-1.222,0.223,0.84,0.797,-0.13,0.962,0.572
113-123,113,123,0,-0.436,-0.017,-0.857,-0.146,-1.106,0.039,-1.128,-0.303,-0.373,0.281,-1.056,-0.065,-0.564,-0.696,-2.297,1.518,-1.899,0.766
113-126,113,126,0,0.874,1.481,-0.969,-0.802,-0.787,-1.162,-1.043,-1.456,-0.384,-1.593,-0.639,-1.088,-0.21,-0.906,-0.03,1.055,-0.15,0.889
113-127,113,127,0,-1.666,-1.393,-0.356,0.438,-1.174,-0.809,-0.805,-0.675,-0.661,-0.409,-1.295,-0.518,-0.454,4.773,0.135,0.998,0.117,1.465
113-124,113,124,0,1.255,1.816,-1.206,0.159,-1.22,-0.48,-1.357,-1.029,-0.789,-0.572,-1.083,-0.324,-0.846,0.327,-0.497,1.319,-0.939,1.141
208-222,208,222,0,-1.233,-0.94,-0.625,-0.272,-1.552,-0.503,-1.306,-1.161,-1.72,-1.125,-1.664,-0.663,-0.713,-1.11,-0.051,0.353,-0.284,0.187
113-128,113,128,0,0.81,0.433,-1.162,-0.907,-0.658,-1.64,-0.969,-1.578,0.006,-1.674,-0.422,-1.576,-0.471,0.347,0.807,-0.346,0.255,0.309
212-234,212,234,0,1.732,1.58,-1.233,-0.504,-0.936,-0.854,-1.23,-1.726,-1.489,-1.917,-0.733,-1.005,-1.121,1.287,0.518,0.655,-0.01,0.784
105-130,105,130,0,1.895,1.131,-1.574,-1.223,-0.606,-1.471,-1.009,-0.743,0.066,-1.847,-0.23,-1.764,-0.39,-0.609,0.769,0.492,0.303,0.374
309-332,309,332,0,-0.375,-0.661,-0.911,-0.672,-1.557,-0.256,-1.614,-0.787,-1.722,-0.521,-1.58,-0.244,-1.133,-0.577,-0.779,0.782,-1.116,0.582
309-333,309,333,0,-1.347,-1.139,-0.358,-0.123,-1.445,-0.244,-1.235,-0.75,-1.504,-0.098,-1.62,-0.132,-0.776,-0.299,-2.537,1.059,-1.723,0.607
309-336,309,336,0,-0.498,-0.365,-1.266,-0.322,-1.39,-0.62,-1.45,-1.11,-1.215,-0.463,-1.267,-0.639,-1.046,-1.018,-1.304,1.142,-1.402,0.929
309-337,309,337,1,-1.147,-1.248,-1.152,-0.98,-1.221,-0.968,-1.276,-1.03,-1.024,-0.663,-1.101,-1.199,-1.002,-0.619,-0.706,0.659,-1.189,0.46
110-125,110,125,0,0.63,1.371,-1.258,-0.129,-0.889,-1.285,-1.167,-1.085,-0.343,-1.142,-0.67,-1.114,-0.753,1.593,-2.017,1.582,-2.135,1.365
110-124,110,124,0,-1.538,-0.773,-0.307,1.628,-1.575,0.255,-1.101,0.355,-1.374,1.045,-1.791,0.776,-0.764,2.472,-3.661,1.431,-2.627,0.083
110-127,110,127,0,-0.85,-0.809,-0.88,0.141,-0.926,-0.801,-0.918,0.245,-0.267,-0.747,-0.832,-0.824,-0.454,-0.94,-2.747,0.758,-2.15,0.158
110-126,110,126,0,0.88,1.298,-1.667,-0.941,-0.859,-1.018,-0.895,-0.381,-0.089,-0.423,-0.504,-1.082,-0.663,0.986,-1.558,0.348,-1.947,0.045
110-121,110,121,0,0.04,0.303,-0.955,-0.053,-0.837,-0.443,-1.076,-0.519,-0.492,-0.055,-0.702,-0.352,-1.41,2.745,-1.368,1.348,-1.78,1.403
110-123,110,123,0,-0.184,0.27,-1.143,-0.58,-1.129,-1.319,-1.271,-1.442,-0.677,-1.476,-0.993,-1.262,-0.581,1.308,-1.653,1.855,-1.488,1.745
110-122,110,122,0,-0.6,-0.119,-0.567,-0.084,-1.092,-0.424,-0.781,-0.043,-0.423,0.24,-1.13,-0.435,-1.056,0.437,-3.914,1.232,-3.055,0.805
213-222,213,222,0,-1.148,-0.996,-0.4,1.356,-1.549,-0.233,-1.207,0.5,-1.408,0.086,-1.731,-0.176,-0.731,-0.605,-2.817,1.192,-2.181,0.64
107-124,107,124,0,-0.729,-0.303,-0.642,-0.639,-1.23,-0.869,-1.204,-0.813,-1.221,-1.208,-1.272,-0.917,-0.11,-0.035,1.036,-0.198,1.081,0.06
110-129,110,129,0,-0.209,-0.036,-1.121,-0.404,-0.837,-1.562,-0.413,-0.079,0.141,-1.021,-0.65,-1.676,-1.08,0.421,-3.107,1.263,-2.609,0.651
110-128,110,128,0,0.199,-0.041,-1.165,-0.385,-0.803,-0.705,-1.042,-1.134,-0.064,-0.899,-0.595,-0.699,-1.076,-0.874,-2.976,0.519,-2.816,0.074
316-327,316,327,0,-0.174,-0.102,-0.764,-0.609,-1.147,-0.199,-1.451,0.204,-1.329,-0.215,-1.135,-0.254,-0.562,-0.425,1.099,0.312,1.063,1.301
316-326,316,326,0,-0.448,-0.606,-1.106,-0.732,-0.996,-0.845,-1.331,-1.043,-0.971,-1.177,-0.845,-1.002,-0.661,0.442,1.402,-0.154,1.438,0.178
316-325,316,325,0,0.446,0.477,-0.991,-0.193,-0.728,-1.155,-1.27,-0.662,-0.94,-1.654,-0.56,-1.269,-0.743,0.163,1.469,-0.716,1.635,0.132
316-323,316,323,0,0.188,-0.317,-1.68,-1.465,-1.134,-0.415,-1.64,-1.264,-1.024,-0.655,-0.83,-0.437,-1.238,-0.591,1.217,0.196,0.75,0.681
316-329,316,329,1,-1.079,-1.115,-0.93,-0.001,-0.97,-0.533,-0.898,0.066,-0.646,-0.752,-0.87,-0.581,-0.53,1.253,1.274,0.161,1.286,0.709
316-328,316,328,0,-0.529,-0.485,-1.022,-0.847,-1.326,-0.525,-1.4,-0.733,-1.189,-0.417,-1.268,-0.771,-0.465,1.062,1.391,-0.651,1.603,0.352
116-133,116,133,0,0.652,0.749,-1.007,-0.391,-0.723,-1.047,-0.73,-1.063,-0.315,-0.959,-0.55,-0.998,-0.241,-0.569,1.056,-0.641,0.372,0.273
209-240,209,240,0,2.181,1.327,-1.479,-1.378,-0.897,-0.913,-1.206,-1.461,-1.23,-1.063,-0.609,-1.092,-0.785,-1.803,1.048,0.084,0.423,0.731
112-135,112,135,1,1.664,2.283,-1.022,-0.173,-1.055,-0.655,-0.837,-0.805,-0.946,-1.016,-0.943,-0.563,-0.495,2.623,-0.04,0.852,-0.452,1.093
108-128,108,128,0,0.085,-0.029,-0.629,1.796,-0.361,-1.971,-0.507,0.103,-0.258,-0.678,-0.234,-1.077,-0.707,-1.028,-0.09,0.382,-0.501,-0.053
108-129,108,129,0,-0.164,-0.194,-1.226,-0.805,-0.75,-1.228,-0.91,-0.499,-0.475,-0.869,-0.513,-1.372,-0.458,-1.093,-0.299,0.099,-0.543,-0.328
108-126,108,126,0,-0.475,0.097,0.049,0.445,-1.084,-0.343,-0.796,0.277,-0.925,-0.36,-1.315,-0.544,-0.935,1.574,-1.011,2.123,-1.063,1.766
108-127,108,127,0,-1.362,-1.057,-0.606,-0.053,-1.187,-0.682,-0.942,-0.707,-0.745,-0.587,-1.232,-0.807,-0.261,-0.351,0.206,1.027,0.01,1.225
108-124,108,124,0,-0.265,-0.248,-0.905,-0.244,-1.287,-0.537,-1.109,-1.101,-1.402,-0.859,-1.258,-0.519,-0.669,0.001,0.42,0.058,-0.256,-0.265
108-125,108,125,0,-0.154,0.04,-0.61,0.168,-0.965,-0.921,-0.782,-0.608,-0.886,-0.28,-0.964,-0.978,-0.726,-0.686,0.01,0.769,-0.599,0.771
108-122,108,122,0,0.953,0.472,-0.958,-0.745,-0.872,-1.084,-0.904,-1.019,-0.774,-0.343,-0.744,-1.306,-0.961,-1.436,0.792,-0.453,-0.052,-0.179
116-139,116,139,0,0.093,0.554,-0.873,-0.266,-1.261,-0.067,-1.28,-1.061,-1.319,0.283,-1.237,0.009,-0.247,-0.443,1.075,-0.182,0.96,0.163
206-224,206,224,0,-0.264,1.281,-0.274,0.117,-1.159,-0.838,-0.576,-1.215,-1.107,-1.426,-1.303,-0.794,-0.563,-0.899,0.301,0.459,-0.218,0.606
311-325,311,325,0,1.967,1.343,-0.731,-0.132,-1.121,-0.192,-0.963,-0.83,-1.499,-0.519,-1.114,-0.012,-1.742,1.706,0.08,2.34,-0.432,2.771
206-226,206,226,0,0.332,0.197,0.166,0.683,-0.86,-1.012,-0.327,-0.537,-1.06,-1.32,-1.084,-0.626,-0.72,-0.546,0.157,0.56,-0.478,0.145
206-222,206,222,0,-0.574,-0.457,0.228,1.922,-0.96,-1.122,-0.438,-0.226,-1.174,-0.96,-1.223,-0.509,-1.164,-0.637,-0.784,2.091,-1.056,1.606
311-323,311,323,0,0.149,-0.502,-0.733,0.03,-1.077,-0.458,-0.772,-0.866,-1.298,-0.966,-1.06,-0.401,-1.549,-0.437,-0.647,1.324,-1.393,1.295
308-335,308,335,0,0.921,0.004,-1.129,-0.398,-0.603,-1.365,-0.736,-0.868,-0.799,-1.54,-0.368,-1.34,-0.862,1.017,1.306,-0.879,0.605,0.362
218-236,218,236,0,1.979,1.596,0.015,0.207,-0.766,-0.968,-0.619,-1.681,-1.146,-1.615,-0.923,-0.799,-0.546,-0.487,0.821,-0.687,0.162,-0.133
308-337,308,337,0,0.242,-0.339,-1.171,-0.89,-0.82,-1.262,-0.988,-0.602,-1.013,-0.931,-0.614,-1.444,-1.135,-0.583,0.085,1.185,-0.562,1.214
308-336,308,336,0,1.57,1.306,-1.053,-0.389,-0.66,-1.344,-0.794,-0.248,-0.681,-1.863,-0.46,-1.331,-1.13,1.462,0.037,1.665,-0.553,1.618
206-229,206,229,0,0.47,0.04,-0.663,-0.124,-0.868,-0.721,-0.914,-1.865,-0.88,0.005,-0.832,-0.472,-1.206,1.611,-0.406,1.455,-1.035,1.671
308-333,308,333,0,-0.147,-0.891,-0.978,-0.115,-0.536,-1.25,-0.269,-0.791,-0.517,-1.368,-0.334,-1.394,-0.865,2.204,0.562,0.522,0.095,1.484
212-230,212,230,0,0.268,-0.06,-0.81,-0.172,-0.576,-1.861,-0.429,0.218,-0.377,-0.713,-0.436,-1.823,-0.594,-1.39,0.335,0.532,-0.29,0.336
218-234,218,234,0,1.172,0.442,-0.992,-0.544,-0.399,-1.663,-0.745,-1.654,-0.663,-1.749,-0.166,-1.51,-0.574,-0.167,0.247,-0.072,-0.109,-0.135
104-129,104,129,0,-0.546,-0.344,0.06,0.729,-0.831,-1.411,-0.161,-0.722,-0.983,-0.276,-1.015,-0.903,0.063,-0.928,0.943,-0.54,0.655,0.045
218-235,218,235,0,0.84,-0.088,-1.056,-0.354,-0.505,-1.555,-0.779,-1.667,-0.866,-1.492,-0.273,-1.533,-0.593,-0.686,1.142,-0.827,0.308,-0.214
113-139,113,139,0,-0.409,-0.006,-1.149,-0.697,-1.232,-0.749,-1.464,-1.483,-0.911,-0.825,-1.115,-0.936,-0.687,-0.694,0.198,-0.013,-0.076,0.574
108-123,108,123,0,1.321,1.417,-1.14,-0.461,-0.778,-1.183,-1.02,-1.405,-0.949,-0.71,-0.574,-1.034,-0.778,-0.808,0.736,0.707,0.297,1.111
108-121,108,121,0,-0.506,-0.39,-0.668,-0.427,-1.109,-0.757,-1.086,-0.669,-1.206,-0.882,-1.119,-0.923,-0.509,-1.015,1.079,-0.407,0.446,-0.054
218-239,218,239,0,1.11,0.358,-0.075,-0.04,-0.739,-1.274,-0.751,-0.952,-1.134,-1.601,-0.862,-1.153,-1.319,-1.089,0.752,0.119,-0.159,0.291
212-236,212,236,0,1.384,0.694,-0.902,-0.724,-0.6,-1.846,-0.809,-1.272,-0.839,-1.696,-0.435,-1.88,-0.595,-0.558,1.185,-0.94,0.58,-0.33
302-336,302,336,0,0.025,-0.068,-0.887,-0.044,-0.713,-1.5,-0.935,-1.132,-0.65,-1.103,-0.575,-1.367,-1.234,-0.786,-0.138,1.156,-0.847,0.711
212-237,212,237,0,2.954,1.121,-1.14,1.068,-0.664,-0.851,-0.852,-0.368,-0.985,-0.9,-0.437,-0.103,-1.226,0.315,0.103,1.831,-0.402,1.591
311-326,311,326,0,0.663,0.756,-1.117,-0.696,-1.191,-0.342,-1.08,-1.249,-1.654,-1.111,-1.076,-0.296,-1.063,-0.239,0.774,0.923,-0.014,0.817
104-139,104,139,0,-1.323,-1.258,0.874,1.14,-1.46,-0.297,-0.643,-0.55,-1.926,0.382,-2.026,-0.268,-0.284,-0.976,0.016,0.92,-0.006,1.205
104-138,104,138,0,-1.347,-1.031,0.438,1.356,-1.705,-0.564,-0.929,-1.917,-2.463,-0.998,-2.182,-0.481,-0.506,-0.494,0.092,0.061,0.28,0.208
119-125,119,125,0,0.176,-0.237,-0.629,-0.771,-1.333,0.065,-1.659,-1.747,-1.628,0.081,-1.4,0.077,-0.506,-0.591,-0.803,0.878,-0.694,0.512
119-126,119,126,0,-0.036,-0.236,-0.91,-0.601,-0.904,-0.568,-1.358,0.388,-0.844,0.176,-0.797,-0.772,-0.374,-1.367,-0.368,0.777,-0.657,0.234
119-127,119,127,0,-1.19,-1.221,-0.785,-0.842,-1.248,-0.562,-1.376,-1.426,-0.748,0.1,-1.249,-0.597,0.059,-0.827,-1.538,0.485,-0.896,-0.055
201-226,201,226,0,-0.761,-0.878,-1.086,-0.038,-0.817,-1.448,-0.782,0.227,0.082,-1.294,-0.637,-1.603,-0.323,-0.172,-1.486,0.754,-1.225,0.2
201-224,201,224,0,-0.622,-0.032,-0.971,-0.268,-1.115,-0.375,-1.272,0.002,-0.574,0.05,-1.031,-0.426,-0.504,-0.006,-2.24,1.629,-1.818,0.862
119-128,119,128,0,0.283,0.453,-1.187,-0.689,-0.566,-1.276,-0.85,0.328,-0.11,-0.651,-0.305,-1.289,-0.291,-0.562,-1.339,1.265,-1.058,0.476
119-129,119,129,0,-0.352,-0.198,-1.174,-1.095,-0.888,-1.335,-1.19,-0.964,-0.389,-1.026,-0.695,-1.426,-0.544,-0.522,-1.203,0.71,-1.099,0.088
201-221,201,221,0,-0.737,-0.915,-1.114,-0.642,-1.182,-0.217,-1.285,-0.968,-0.718,0.229,-1.065,-0.267,-0.65,2.113,-0.718,0.877,-1.11,0.53
113-138,113,138,0,0.726,0.606,-1.092,-1.053,-1.553,0.098,-1.77,-1.561,-1.618,-0.505,-1.518,0.078,-0.529,0.639,0.83,-0.213,0.549,0.793
107-129,107,129,0,-0.429,-0.203,-0.795,-0.992,-0.763,-1.226,-0.745,-0.295,0.008,-1.663,-0.664,-1.582,-0.467,-0.512,0.703,0.427,0.353,0.543
107-125,107,125,0,0.531,0.027,-0.783,-0.445,-0.713,-1.389,-0.865,-0.144,-0.51,-0.873,-0.608,-1.61,-0.667,-0.052,0.832,0.558,0.262,0.942
205-240,205,240,0,0.337,-0.429,-1.686,-1.553,-0.787,-1.032,-1.254,-1.317,-0.245,-0.039,-0.412,-1.11,-0.846,-0.902,-0.576,0.598,-1.299,1.061
107-126,107,126,0,1.972,1.409,-1.07,-0.588,-0.564,-1.51,-0.913,-1.866,-0.288,-1.135,-0.339,-1.256,-0.864,0.658,1.105,0.01,0.5,1.133
107-121,107,121,0,0.271,-0.434,-0.977,-0.406,-0.681,-1.817,-0.747,-0.226,-0.229,-1.822,-0.508,-1.862,-0.86,-0.861,1.057,-0.281,0.543,0.843
107-123,107,123,1,0.628,0.187,-1.019,-0.274,-0.771,-1.262,-0.959,-1.395,-0.907,-1.408,-0.603,-1.3,-0.766,-0.627,1.212,-0.671,0.532,0.148
107-122,107,122,0,1.271,1.608,-0.898,0.299,-0.774,-1.614,-0.636,-0.35,-0.448,-0.749,-0.645,-1.121,-0.996,-1.006,0.484,1.253,-0.025,1.409
204-240,204,240,0,4.106,3.222,-1.306,-0.608,-0.844,-0.942,-1.177,-1.535,-0.917,-1.433,-0.6,-0.775,-1.183,-0.867,0.991,-0.369,0.315,0.659
211-238,211,238,0,-0.212,0.049,-1.057,0.443,-1.08,-1.082,-0.895,-0.998,-1.06,-0.395,-0.962,-0.877,-0.567,0.096,-0.941,0.942,-1.13,0.721
311-329,311,329,1,-0.585,0.392,-0.116,1.184,-1.154,-0.906,-0.604,-0.439,-1.349,-1.098,-1.347,-0.684,-1.432,0.593,-0.842,2.45,-1.299,2.052
215-222,215,222,1,-0.687,-0.555,-1.176,-0.741,-0.895,-1.116,-1.096,-0.689,-0.476,-0.57,-0.703,-1.031,-0.752,-0.182,-0.766,1.138,-0.943,0.737
215-224,215,224,0,-1.638,-1.265,-0.187,1.113,-1.303,-0.729,-0.697,0.517,-0.901,-1.016,-1.504,-0.96,0.138,-0.684,-1.584,1.856,-0.918,0.919
215-226,215,226,0,-0.357,-0.123,-0.988,-0.578,-0.958,-0.942,-0.761,-0.212,-0.499,-1.279,-0.837,-1.196,-0.006,2.064,-0.561,1.179,-0.473,0.381
215-229,215,229,0,-1.226,-1.445,-1.425,-0.961,-1.072,-1.009,-1.08,-0.695,-0.324,-0.555,-0.836,-1.164,-0.105,-0.467,-0.97,0.626,-0.86,0.385
308-332,308,332,1,0.233,-0.352,-0.896,-0.153,-0.496,-1.593,-0.502,0.263,-0.309,-1.365,-0.312,-1.692,-0.944,1.249,-0.026,1.988,-0.802,1.991
114-139,114,139,0,0.072,0.163,-0.557,-0.334,-1.304,-0.614,-1.388,-1.295,-1.516,-1.015,-1.387,-0.64,-1.086,-0.68,0.103,0.93,-0.469,0.696
105-123,105,123,0,2.322,2.423,-1.838,-1.654,-0.791,-0.746,-1.339,-0.753,-0.53,-0.811,-0.369,-1.085,-0.917,1.679,0.751,1.078,0.181,1.749
105-122,105,122,0,4.489,5.15,-1.456,-0.433,-0.684,-1.811,-1.094,-1.387,-0.28,-2.492,-0.361,-1.661,-0.74,0.673,0.908,0.305,0.059,0.159
105-121,105,121,0,-0.23,-0.274,-1.168,-0.253,-0.876,-0.865,-0.954,-0.143,-0.342,-0.645,-0.682,-1.129,-0.672,0.182,0.396,0.934,-0.01,0.926
105-127,105,127,0,-0.776,-0.775,-1.143,-0.138,-0.926,-0.181,-0.675,0.594,-0.127,0.099,-0.749,-0.309,-0.119,0.922,0.086,1.137,0.066,1.052
105-126,105,126,0,2.262,0.94,-1.839,-1.505,-0.836,-0.98,-1.193,-0.259,-0.218,-1.179,-0.423,-1.218,-0.517,-0.182,1.131,-0.716,-0.168,-0.173
105-125,105,125,0,1.639,1.08,-0.226,3.284,-0.745,-0.909,-0.793,2.377,-0.658,-0.719,-0.822,-0.213,-0.17,-0.139,0.31,1.988,0.176,1.853
105-124,105,124,0,-0.199,0.477,-1.514,-0.692,-1.003,-0.739,-1.172,-0.488,-0.063,-0.17,-0.725,-0.836,-0.305,0.652,-0.198,1.103,-0.721,1.089
105-129,105,129,0,-0.172,0.349,-0.831,0.548,-0.7,-1.559,-0.459,-0.33,0.436,-0.811,-0.577,-1.061,-0.277,-0.409,-0.823,1.663,-0.954,0.874
105-128,105,128,0,3.341,2.065,-1.906,-1.842,-0.382,-1.869,-0.694,0.247,0.503,-0.205,0.142,-2.095,-0.109,-1.115,0.878,0.516,0.531,0.523
310-336,310,336,0,-0.448,-0.686,-1.692,-1.452,-0.899,-1.035,-1.373,-0.297,-0.163,-0.583,-0.544,-1.228,-0.74,-0.921,-0.589,0.794,-0.976,0.713
310-337,310,337,0,-0.55,-0.798,-1.856,-1.827,-1.383,-0.361,-1.732,-0.61,-0.722,-0.304,-1.073,-0.616,-0.904,-0.198,-1.572,1.028,-1.611,0.651
310-335,310,335,0,0.02,-0.585,-1.628,-1.501,-0.877,-0.923,-1.558,-0.544,-0.137,-0.373,-0.538,-1.108,-1.015,-1.08,-0.477,1.041,-0.841,1.011
208-235,208,235,0,-1.113,-1.03,-0.34,0.586,-1.09,-0.835,-0.529,-0.504,-1.102,-0.685,-1.199,-0.72,-0.178,-0.433,-0.064,1.241,-0.149,1.082
219-226,219,226,0,-1.063,-1.14,-0.426,0.132,-0.82,-0.927,-0.403,0.14,-0.638,-0.82,-0.848,-0.837,-0.488,-0.337,0.377,1.193,0.121,1.538
219-222,219,222,0,-0.913,-1.304,-1.26,-0.578,-0.889,-0.766,-1.11,-0.643,-0.348,-0.028,-0.669,-0.759,-1.099,0.02,0.624,0.597,0.185,1.082
115-133,115,133,0,1.003,1.207,-0.919,-0.381,-0.948,-0.603,-0.877,-1.244,-1.036,-0.783,-0.846,-0.488,-0.918,-0.554,0.505,1.061,0.195,1.098
203-229,203,229,0,0.114,0.292,-0.91,-0.808,-0.864,-1.105,-1.076,-1.135,-0.556,-1.134,-0.748,-1.325,-0.395,-1.136,0.467,0.611,-0.166,0.168
304-323,304,323,1,0.075,0.212,-0.713,0.328,-1.459,-0.225,-1.329,-0.978,-1.567,-0.431,-1.524,-0.203,-1.706,-1.093,-2.507,0.99,-2.512,0.38
206-235,206,235,0,-0.133,-0.12,-0.667,-0.048,-0.953,-0.912,-0.633,-1.501,-1.122,-1.009,-0.932,-0.668,-0.577,-1.372,0.075,0.583,-0.382,0.511
115-137,115,137,0,-0.758,-0.624,-0.296,0.686,-1.017,-0.895,-0.555,-1.118,-1.044,-0.862,-1.126,-0.552,-0.776,-0.039,0.499,0.836,0.374,1.545
115-135,115,135,0,0.217,0.406,-0.14,0.277,-1.084,-0.756,-0.796,-1.008,-1.289,-1.223,-1.255,-0.515,-0.806,0.007,0.178,0.921,-0.222,1.181
304-336,304,336,0,1.416,2.729,-0.496,-0.432,-0.974,-0.867,-1.021,-0.769,-0.93,-0.154,-1.012,-0.899,-1.949,-1.575,-1.205,1.522,-1.899,1.357
307-329,307,329,0,-0.82,-0.388,-0.824,0.08,-1.131,-0.664,-0.977,0.369,-0.733,-0.441,-1.096,-0.778,-1.018,2.031,-1.279,2.063,-1.184,1.808
307-328,307,328,0,-0.603,-0.695,-0.628,0.196,-1.164,-0.668,-1.315,0.161,-1.023,-0.453,-1.198,-0.444,-0.82,-0.748,-0.65,1.479,-0.628,1.691
307-323,307,323,0,0.321,0.562,-1.24,-1.051,-1.029,-1.18,-1.379,-0.71,-0.863,-0.936,-0.843,-1.29,-0.837,-0.827,0.106,0.688,-0.312,0.933
307-325,307,325,0,1.962,1.633,-1.228,-0.681,-0.947,-0.828,-1.351,-0.449,-0.604,-0.783,-0.748,-0.816,-1.548,1.015,0.05,1.507,-0.511,1.422
307-326,307,326,0,-0.597,-0.755,-0.614,-0.258,-1.324,0.019,-1.6,-0.591,-1.531,-0.055,-1.393,-0.008,-0.651,-0.026,1.155,-0.144,1.035,0.732
102-138,102,138,0,0.344,0.132,-0.427,-0.299,-1.283,-0.368,-1.413,-0.583,-1.498,0.044,-1.403,-0.359,-1.338,1.805,0.326,0.829,-0.304,1.393
104-133,104,133,0,-0.344,-0.618,-1.125,0.362,-1.044,-0.758,-0.512,-1.461,-0.902,-0.929,-0.898,-0.465,-0.517,-0.966,-0.082,0.614,-0.456,0.478
112-128,112,128,0,2.251,1.683,-1.547,-0.886,-0.39,-2.1,-0.531,-1.297,-0.418,-2.407,0.02,-2.063,-0.542,0.304,0.931,-0.274,0.323,0.128
105-137,105,137,0,-0.366,-0.918,-0.992,-0.542,-0.736,-1.103,-1.058,0.044,-0.489,-0.51,-0.57,-1.117,-0.441,-0.729,1.038,0.141,0.608,0.677
209-235,209,235,0,-0.782,-0.847,-0.204,-0.825,-1.364,0.089,-1.246,-0.559,-1.801,-0.772,-1.571,-0.137,-0.146,0.364,1.353,-0.431,1.612,0.232
204-229,204,229,0,-0.264,0.281,-0.843,-0.178,-1.058,-0.652,-1.173,-0.659,-1.013,-1.08,-1.003,-0.791,-0.798,0.44,0.509,0.605,0.141,1.265
215-230,215,230,0,-0.384,-0.822,-1.411,-1.156,-0.526,-1.788,-0.512,0.096,0.401,-1.402,-0.186,-2.166,-0.122,-0.742,-1.131,0.399,-1.163,-0.003
204-222,204,222,0,0.072,-0.123,-0.535,0.647,-0.754,-0.998,-0.647,0.344,-0.726,-0.589,-0.735,-0.925,-0.838,0.309,1.115,-0.425,0.829,0.351
204-221,204,221,0,-0.1,-0.316,-0.967,-0.649,-1.121,-0.42,-1.242,-0.576,-1.013,-0.312,-1.039,-0.478,-0.991,0.625,1.09,-0.006,0.622,0.333
204-226,204,226,0,-0.524,-0.241,-0.547,-0.07,-1.39,-0.154,-0.963,-0.168,-1.117,-0.076,-1.494,-0.293,-0.559,-0.301,1.271,-0.822,1.448,0.351
204-224,204,224,0,-0.78,-0.195,-0.15,1.836,-1.249,-0.28,-0.809,0.767,-1.203,-0.096,-1.449,0.267,-0.792,0.228,0.464,1.03,0.479,1.283
317-332,317,332,0,-0.69,-0.847,-0.783,-0.2,-0.919,-0.943,-0.855,0.263,-0.67,-1.384,-0.855,-1.358,-0.819,-0.689,-0.515,1.227,-1.064,1.013
302-335,302,335,0,-0.456,-0.248,-0.489,-0.177,-1.253,-0.302,-1.102,-0.838,-1.379,-0.582,-1.348,-0.255,-1.129,0.249,-0.967,0.837,-1.126,0.439
